"cost_value","revenue_value","profit_value"
"20000.00","200000.00",""
"20000000.00","0.00",""
"25000000.00","0.00",""
"25000000.00","0.00",""
"6000000.00","0.00",""
"0.00","0.00",""
"0.00","0.00",""
"10000000.00","0.00",""
"5000000.00","0.00",""
"3000000.00","0.00",""
"8000000.00","0.00",""
"30000000.00","0.00",""
"0.00","0.00",""
"0.00","0.00",""
"0.00","0.00",""
"40000000.00","0.00",""
"12000000.00","0.00",""
"25000000.00","0.00",""
"180000000.00","54000000.00",""
"18000000.00","0.00",""
"0.00","0.00",""
"0.00","0.00",""
"0.00","200000000.00",""
"10000.00","50000.00","40000"
"0.00","0.00",""
"5700.00","0.00",""
"2200.00","50000.00","47800"
"14050.00","0.00",""
"13500.00","50000.00","36500"
"11400.00","0.00",""
"8100.00","50000.00","41900"
"5200.00","0.00",""
"35600.00","50000.00","14400"
"27900.00","0.00",""
"5400.00","50000.00","44600"
"21600.00","0.00",""
"2600.00","50000.00","47400"
"1500.00","0.00",""
"5700.00","50000.00","44300"
"11150.00","0.00",""
"12900.00","50000.00","37100"
"25850.00","0.00",""
"31800.00","50000.00","18200"
"1350.00","0.00",""
"29700.00","50000.00","20300"
"10150.00","0.00",""
"37600.00","50000.00","12400"
"27900.00","0.00",""
"22400.00","50000.00","27600"
"11250.00","0.00",""
"23900.00","50000.00","26100"
"14200.00","0.00",""
"1300.00","50000.00","48700"
"8150.00","0.00",""
"36700.00","50000.00","13300"
"21600.00","0.00",""
"18400.00","50000.00","31600"
"14200.00","0.00",""
"8900.00","50000.00","41100"
"11000.00","0.00",""
"40000.00","50000.00","10000"
"17200.00","0.00",""
"6200.00","50000.00","43800"
"4700.00","0.00",""
"20400.00","50000.00","29600"
"4950.00","0.00",""
"19300.00","50000.00","30700"
"17600.00","0.00",""
"31900.00","50000.00","18100"
"13500.00","0.00",""
"3200.00","50000.00","46800"
"23500.00","0.00",""
"28400.00","50000.00","21600"
"6350.00","0.00",""
"20300.00","50000.00","29700"
"31958.00","0.00",""
"4000.00","0.00",""
"29200.00","50000.00","20800"
"15000.00","0.00",""
"33100.00","50000.00","16900"
"18500.00","0.00",""
"30500.00","50000.00","19500"
"9800.00","0.00",""
"37000.00","50000.00","13000"
"3550.00","0.00",""
"3300.00","50000.00","46700"
"11650.00","0.00",""
"15800.00","50000.00","34200"
"4050.00","0.00",""
"12900.00","50000.00","37100"
"5150.00","0.00",""
"20400.00","50000.00","29600"
"14200.00","0.00",""
"24200.00","50000.00","25800"
"18650.00","0.00",""
"9300.00","50000.00","40700"
"18950.00","0.00",""
"19100.00","50000.00","30900"
"10700.00","0.00",""
"35300.00","50000.00","14700"
"13650.00","0.00",""
"36900.00","50000.00","13100"
"3650.00","0.00",""
"32100.00","50000.00","17900"
"8750.00","0.00",""
"28300.00","50000.00","21700"
"12500.00","0.00",""
"9300.00","50000.00","40700"
"23650.00","0.00",""
"20400.00","50000.00","29600"
"13800.00","0.00",""
"33700.00","50000.00","16300"
"28500.00","0.00",""
"12200.00","50000.00","37800"
"16600.00","0.00",""
"3800.00","50000.00","46200"
"5513.00","0.00",""
"11700.00","0.00",""
"2600.00","50000.00","47400"
"16150.00","0.00",""
"21500.00","50000.00","28500"
"13700.00","0.00",""
"4300.00","50000.00","45700"
"10800.00","0.00",""
"30000.00","50000.00","20000"
"16100.00","0.00",""
"11800.00","50000.00","38200"
"25550.00","0.00",""
"21200.00","50000.00","28800"
"23450.00","0.00",""
"8300.00","50000.00","41700"
"13550.00","0.00",""
"8100.00","50000.00","41900"
"12600.00","0.00",""
"39100.00","50000.00","10900"
"28700.00","0.00",""
"28500.00","50000.00","21500"
"13450.00","0.00",""
"39200.00","50000.00","10800"
"29900.00","0.00",""
"22900.00","50000.00","27100"
"29850.00","0.00",""
"21400.00","50000.00","28600"
"18500.00","0.00",""
"12200.00","50000.00","37800"
"7050.00","0.00",""
"27000.00","50000.00","23000"
"25250.00","0.00",""
"5600.00","50000.00","44400"
"2400.00","0.00",""
"6600.00","50000.00","43400"
"7800.00","0.00",""
"33100.00","50000.00","16900"
"8150.00","0.00",""
"35800.00","50000.00","14200"
"21600.00","0.00",""
"31500.00","50000.00","18500"
"8467.00","0.00",""
"3250.00","0.00",""
"20700.00","50000.00","29300"
"19500.00","0.00",""
"31500.00","50000.00","18500"
"23950.00","0.00",""
"28000.00","50000.00","22000"
"12850.00","0.00",""
"29300.00","50000.00","20700"
"550.00","0.00",""
"35800.00","50000.00","14200"
"5850.00","0.00",""
"35900.00","50000.00","14100"
"27450.00","0.00",""
"39400.00","50000.00","10600"
"13650.00","0.00",""
"33800.00","50000.00","16200"
"17400.00","0.00",""
"6700.00","50000.00","43300"
"15000.00","0.00",""
"23200.00","50000.00","26800"
"8050.00","0.00",""
"24200.00","50000.00","25800"
"150.00","0.00",""
"37900.00","50000.00","12100"
"13450.00","0.00",""
"26600.00","50000.00","23400"
"9100.00","0.00",""
"26900.00","50000.00","23100"
"5400.00","0.00",""
"33000.00","50000.00","17000"
"15250.00","0.00",""
"33700.00","50000.00","16300"
"25950.00","0.00",""
"32100.00","50000.00","17900"
"10150.00","0.00",""
"8800.00","50000.00","41200"
"19100.00","0.00",""
"40000.00","50000.00","10000"
"8250.00","0.00",""
"28600.00","50000.00","21400"
"23603.00","0.00",""
"27150.00","0.00",""
"1000.00","50000.00","49000"
"16550.00","0.00",""
"26000.00","50000.00","24000"
"950.00","0.00",""
"6700.00","50000.00","43300"
"18550.00","0.00",""
"16700.00","50000.00","33300"
"12250.00","0.00",""
"3900.00","50000.00","46100"
"12300.00","0.00",""
"30000.00","50000.00","20000"
"4000.00","0.00",""
"5300.00","50000.00","44700"
"24850.00","0.00",""
"4500.00","50000.00","45500"
"27250.00","0.00",""
"7400.00","50000.00","42600"
"6550.00","0.00",""
"34700.00","50000.00","15300"
"24300.00","0.00",""
"29100.00","50000.00","20900"
"8450.00","0.00",""
"14500.00","50000.00","35500"
"27000.00","0.00",""
"32000.00","50000.00","18000"
"21650.00","0.00",""
"11800.00","50000.00","38200"
"27600.00","0.00",""
"39600.00","50000.00","10400"
"10250.00","0.00",""
"37500.00","50000.00","12500"
"15950.00","0.00",""
"21400.00","50000.00","28600"
"19100.00","0.00",""
"23400.00","50000.00","26600"
"26450.00","0.00",""
"24100.00","50000.00","25900"
"6150.00","0.00",""
"13600.00","50000.00","36400"
"39825.00","0.00",""
"4200.00","50000.00","45800"
"17300.00","0.00",""
"2000.00","50000.00","48000"
"28350.00","0.00",""
"12700.00","50000.00","37300"
"11250.00","0.00",""
"1300.00","50000.00","48700"
"3600.00","0.00",""
"37200.00","50000.00","12800"
"3000.00","0.00",""
"12700.00","50000.00","37300"
"3450.00","0.00",""
"2600.00","50000.00","47400"
"16900.00","0.00",""
"4600.00","50000.00","45400"
"26300.00","0.00",""
"13100.00","50000.00","36900"
"14250.00","0.00",""
"35200.00","50000.00","14800"
"24850.00","0.00",""
"11900.00","50000.00","38100"
"27600.00","0.00",""
"7700.00","50000.00","42300"
"29200.00","0.00",""
"30500.00","50000.00","19500"
"24200.00","0.00",""
"13400.00","50000.00","36600"
"24200.00","0.00",""
"21800.00","50000.00","28200"
"9700.00","0.00",""
"5800.00","50000.00","44200"
"4950.00","0.00",""
"34700.00","50000.00","15300"
"22050.00","0.00",""
"19100.00","50000.00","30900"
"21650.00","0.00",""
"22000.00","50000.00","28000"
"23900.00","0.00",""
"38300.00","50000.00","11700"
"5335.00","0.00",""
"2750.00","0.00",""
"35400.00","50000.00","14600"
"5000.00","0.00",""
"4100.00","50000.00","45900"
"20600.00","0.00",""
"38200.00","50000.00","11800"
"17350.00","0.00",""
"6500.00","50000.00","43500"
"12700.00","0.00",""
"10800.00","50000.00","39200"
"9700.00","0.00",""
"28400.00","50000.00","21600"
"22950.00","0.00",""
"8100.00","50000.00","41900"
"21600.00","0.00",""
"10300.00","50000.00","39700"
"14250.00","0.00",""
"24600.00","50000.00","25400"
"12750.00","0.00",""
"4800.00","50000.00","45200"
"22650.00","0.00",""
"29100.00","50000.00","20900"
"5000.00","0.00",""
"3500.00","50000.00","46500"
"27650.00","0.00",""
"1700.00","50000.00","48300"
"4750.00","0.00",""
"39500.00","50000.00","10500"
"12100.00","0.00",""
"9500.00","50000.00","40500"
"20800.00","0.00",""
"25800.00","50000.00","24200"
"24600.00","0.00",""
"11900.00","50000.00","38100"
"20500.00","0.00",""
"4000.00","50000.00","46000"
"8400.00","0.00",""
"20400.00","50000.00","29600"
"100.00","0.00",""
"20900.00","50000.00","29100"
"36622.00","0.00",""
"13550.00","0.00",""
"24200.00","50000.00","25800"
"14600.00","0.00",""
"22600.00","50000.00","27400"
"28450.00","0.00",""
"34800.00","50000.00","15200"
"24900.00","0.00",""
"8900.00","50000.00","41100"
"9700.00","0.00",""
"16100.00","50000.00","33900"
"11100.00","0.00",""
"3900.00","50000.00","46100"
"29650.00","0.00",""
"38600.00","50000.00","11400"
"27750.00","0.00",""
"4100.00","50000.00","45900"
"16050.00","0.00",""
"3900.00","50000.00","46100"
"2550.00","0.00",""
"30900.00","50000.00","19100"
"24400.00","0.00",""
"26700.00","50000.00","23300"
"27150.00","0.00",""
"9000.00","50000.00","41000"
"2900.00","0.00",""
"27000.00","50000.00","23000"
"4100.00","0.00",""
"10500.00","50000.00","39500"
"3500.00","0.00",""
"31400.00","50000.00","18600"
"3450.00","0.00",""
"35500.00","50000.00","14500"
"12000.00","0.00",""
"21600.00","50000.00","28400"
"6100.00","0.00",""
"30100.00","50000.00","19900"
"12600.00","0.00",""
"30600.00","50000.00","19400"
"2000.00","0.00",""
"32700.00","50000.00","17300"
"31866.00","0.00",""
"4150.00","0.00",""
"22400.00","50000.00","27600"
"29850.00","0.00",""
"29900.00","50000.00","20100"
"26750.00","0.00",""
"17100.00","50000.00","32900"
"13350.00","0.00",""
"11400.00","50000.00","38600"
"16050.00","0.00",""
"13200.00","50000.00","36800"
"13550.00","0.00",""
"21200.00","50000.00","28800"
"6700.00","0.00",""
"35300.00","50000.00","14700"
"15350.00","0.00",""
"24400.00","50000.00","25600"
"16150.00","0.00",""
"39400.00","50000.00","10600"
"3700.00","0.00",""
"1400.00","50000.00","48600"
"23450.00","0.00",""
"32800.00","50000.00","17200"
"28800.00","0.00",""
"6100.00","50000.00","43900"
"3750.00","0.00",""
"28500.00","50000.00","21500"
"10900.00","0.00",""
"26900.00","50000.00","23100"
"13550.00","0.00",""
"7700.00","50000.00","42300"
"17850.00","0.00",""
"4500.00","50000.00","45500"
"12500.00","0.00",""
"19900.00","50000.00","30100"
"14550.00","0.00",""
"9000.00","50000.00","41000"
"22400.00","0.00",""
"28800.00","50000.00","21200"
"15450.00","0.00",""
"32300.00","50000.00","17700"
"31485.00","0.00",""
"27050.00","0.00",""
"1400.00","50000.00","48600"
"28350.00","0.00",""
"16300.00","50000.00","33700"
"5300.00","0.00",""
"7800.00","50000.00","42200"
"13500.00","0.00",""
"6900.00","50000.00","43100"
"5450.00","0.00",""
"39000.00","50000.00","11000"
"28300.00","0.00",""
"8900.00","50000.00","41100"
"13900.00","0.00",""
"15400.00","50000.00","34600"
"10750.00","0.00",""
"37700.00","50000.00","12300"
"17550.00","0.00",""
"11400.00","50000.00","38600"
"13500.00","0.00",""
"26800.00","50000.00","23200"
"25000.00","0.00",""
"13800.00","50000.00","36200"
"2600.00","0.00",""
"5700.00","50000.00","44300"
"21650.00","0.00",""
"15100.00","50000.00","34900"
"2250.00","0.00",""
"1100.00","50000.00","48900"
"17050.00","0.00",""
"7600.00","50000.00","42400"
"13400.00","0.00",""
"9200.00","50000.00","40800"
"22600.00","0.00",""
"29200.00","50000.00","20800"
"21850.00","0.00",""
"29700.00","50000.00","20300"
"450.00","0.00",""
"6700.00","50000.00","43300"
"3850.00","0.00",""
"36300.00","50000.00","13700"
"22552.00","0.00",""
"7600.00","0.00",""
"28900.00","50000.00","21100"
"1800.00","0.00",""
"19900.00","50000.00","30100"
"29800.00","0.00",""
"29200.00","50000.00","20800"
"7550.00","0.00",""
"23000.00","50000.00","27000"
"6500.00","0.00",""
"3100.00","50000.00","46900"
"15750.00","0.00",""
"19600.00","50000.00","30400"
"2000.00","0.00",""
"19300.00","50000.00","30700"
"10750.00","0.00",""
"35900.00","50000.00","14100"
"12750.00","0.00",""
"35100.00","50000.00","14900"
"5250.00","0.00",""
"19100.00","50000.00","30900"
"28650.00","0.00",""
"21800.00","50000.00","28200"
"7900.00","0.00",""
"13100.00","50000.00","36900"
"8300.00","0.00",""
"10000.00","50000.00","40000"
"21100.00","0.00",""
"2200.00","50000.00","47800"
"9150.00","0.00",""
"38700.00","50000.00","11300"
"17000.00","0.00",""
"22000.00","50000.00","28000"
"12700.00","0.00",""
"14600.00","50000.00","35400"
"8150.00","0.00",""
"36900.00","50000.00","13100"
"5500.00","0.00",""
"20500.00","50000.00","29500"
"1950.00","0.00",""
"25000.00","50000.00","25000"
"35180.00","0.00",""
"11350.00","0.00",""
"11200.00","50000.00","38800"
"23550.00","0.00",""
"18900.00","50000.00","31100"
"15600.00","0.00",""
"12600.00","50000.00","37400"
"11400.00","0.00",""
"2200.00","50000.00","47800"
"9850.00","0.00",""
"21400.00","50000.00","28600"
"16800.00","0.00",""
"15200.00","50000.00","34800"
"3550.00","0.00",""
"15200.00","50000.00","34800"
"17950.00","0.00",""
"33800.00","50000.00","16200"
"26050.00","0.00",""
"21400.00","50000.00","28600"
"27450.00","0.00",""
"17900.00","50000.00","32100"
"1400.00","0.00",""
"6900.00","50000.00","43100"
"13350.00","0.00",""
"10100.00","50000.00","39900"
"29700.00","0.00",""
"14500.00","50000.00","35500"
"1950.00","0.00",""
"6500.00","50000.00","43500"
"22200.00","0.00",""
"18600.00","50000.00","31400"
"16050.00","0.00",""
"23300.00","50000.00","26700"
"26150.00","0.00",""
"6900.00","50000.00","43100"
"19700.00","0.00",""
"30500.00","50000.00","19500"
"9700.00","0.00",""
"14000.00","50000.00","36000"
"2250.00","0.00",""
"37200.00","50000.00","12800"
"23408.00","0.00",""
"22300.00","0.00",""
"1000.00","50000.00","49000"
"26600.00","0.00",""
"28500.00","50000.00","21500"
"10050.00","0.00",""
"19600.00","50000.00","30400"
"22050.00","0.00",""
"4500.00","50000.00","45500"
"16900.00","0.00",""
"32900.00","50000.00","17100"
"16050.00","0.00",""
"34900.00","50000.00","15100"
"6350.00","0.00",""
"37800.00","50000.00","12200"
"15350.00","0.00",""
"26900.00","50000.00","23100"
"15800.00","0.00",""
"35100.00","50000.00","14900"
"20900.00","0.00",""
"17700.00","50000.00","32300"
"20600.00","0.00",""
"36600.00","50000.00","13400"
"15100.00","0.00",""
"29300.00","50000.00","20700"
"6500.00","0.00",""
"10800.00","50000.00","39200"
"21500.00","0.00",""
"35000.00","50000.00","15000"
"19400.00","0.00",""
"35600.00","50000.00","14400"
"8900.00","0.00",""
"32500.00","50000.00","17500"
"29100.00","0.00",""
"16400.00","50000.00","33600"
"20750.00","0.00",""
"29000.00","50000.00","21000"
"0.00","0.00",""
"16500.00","50000.00","33500"
"14650.00","0.00",""
"11700.00","50000.00","38300"
"32880.00","0.00",""
"22000.00","0.00",""
"30600.00","50000.00","19400"
"16450.00","0.00",""
"24800.00","50000.00","25200"
"22600.00","0.00",""
"23600.00","50000.00","26400"
"10900.00","0.00",""
"27100.00","50000.00","22900"
"24200.00","0.00",""
"38600.00","50000.00","11400"
"8650.00","0.00",""
"34700.00","50000.00","15300"
"4300.00","0.00",""
"15500.00","50000.00","34500"
"26350.00","0.00",""
"34900.00","50000.00","15100"
"17150.00","0.00",""
"5700.00","50000.00","44300"
"12000.00","0.00",""
"35400.00","50000.00","14600"
"15850.00","0.00",""
"12500.00","50000.00","37500"
"10150.00","0.00",""
"8500.00","50000.00","41500"
"1250.00","0.00",""
"3300.00","50000.00","46700"
"12500.00","0.00",""
"25300.00","50000.00","24700"
"3700.00","0.00",""
"24300.00","50000.00","25700"
"21200.00","0.00",""
"33200.00","50000.00","16800"
"29450.00","0.00",""
"10900.00","50000.00","39100"
"19650.00","0.00",""
"26300.00","50000.00","23700"
"20450.00","0.00",""
"13400.00","50000.00","36600"
"7550.00","0.00",""
"34500.00","50000.00","15500"
"40722.00","0.00",""
"250.00","0.00",""
"39400.00","50000.00","10600"
"5450.00","0.00",""
"22700.00","50000.00","27300"
"11200.00","0.00",""
"10000.00","50000.00","40000"
"26500.00","0.00",""
"24700.00","50000.00","25300"
"2550.00","0.00",""
"29500.00","50000.00","20500"
"12750.00","0.00",""
"7200.00","50000.00","42800"
"23350.00","0.00",""
"7800.00","50000.00","42200"
"23750.00","0.00",""
"35100.00","50000.00","14900"
"27150.00","0.00",""
"29600.00","50000.00","20400"
"16200.00","0.00",""
"39600.00","50000.00","10400"
"22650.00","0.00",""
"32300.00","50000.00","17700"
"25800.00","0.00",""
"22800.00","50000.00","27200"
"28050.00","0.00",""
"23800.00","50000.00","26200"
"8100.00","0.00",""
"39000.00","50000.00","11000"
"24300.00","0.00",""
"24000.00","50000.00","26000"
"13250.00","0.00",""
"39400.00","50000.00","10600"
"12650.00","0.00",""
"33600.00","50000.00","16400"
"14150.00","0.00",""
"27600.00","50000.00","22400"
"24800.00","0.00",""
"33000.00","50000.00","17000"
"12200.00","0.00",""
"15000.00","50000.00","35000"
"14563.00","0.00",""
"22500.00","0.00",""
"4900.00","50000.00","45100"
"14600.00","0.00",""
"13000.00","50000.00","37000"
"13900.00","0.00",""
"18100.00","50000.00","31900"
"16350.00","0.00",""
"28600.00","50000.00","21400"
"4100.00","0.00",""
"8000.00","50000.00","42000"
"7700.00","0.00",""
"12800.00","50000.00","37200"
"19600.00","0.00",""
"36500.00","50000.00","13500"
"7800.00","0.00",""
"37100.00","50000.00","12900"
"10950.00","0.00",""
"4200.00","50000.00","45800"
"21200.00","0.00",""
"21800.00","50000.00","28200"
"16900.00","0.00",""
"28700.00","50000.00","21300"
"23850.00","0.00",""
"22200.00","50000.00","27800"
"3150.00","0.00",""
"11500.00","50000.00","38500"
"21500.00","0.00",""
"20900.00","50000.00","29100"
"29900.00","0.00",""
"36600.00","50000.00","13400"
"1000.00","0.00",""
"30400.00","50000.00","19600"
"19450.00","0.00",""
"25400.00","50000.00","24600"
"300.00","0.00",""
"19000.00","50000.00","31000"
"15250.00","0.00",""
"39500.00","50000.00","10500"
"19950.00","0.00",""
"22400.00","50000.00","27600"
"26352.00","0.00",""
"27550.00","0.00",""
"39200.00","50000.00","10800"
"27950.00","0.00",""
"31800.00","50000.00","18200"
"11250.00","0.00",""
"25900.00","50000.00","24100"
"11200.00","0.00",""
"14900.00","50000.00","35100"
"22300.00","0.00",""
"25800.00","50000.00","24200"
"1450.00","0.00",""
"20900.00","50000.00","29100"
"17200.00","0.00",""
"35200.00","50000.00","14800"
"20700.00","0.00",""
"38000.00","50000.00","12000"
"8450.00","0.00",""
"24900.00","50000.00","25100"
"6500.00","0.00",""
"32800.00","50000.00","17200"
"27300.00","0.00",""
"2300.00","50000.00","47700"
"20150.00","0.00",""
"31300.00","50000.00","18700"
"28850.00","0.00",""
"34900.00","50000.00","15100"
"1350.00","0.00",""
"5200.00","50000.00","44800"
"21900.00","0.00",""
"7900.00","50000.00","42100"
"23600.00","0.00",""
"10300.00","50000.00","39700"
"2550.00","0.00",""
"14300.00","50000.00","35700"
"19400.00","0.00",""
"17700.00","50000.00","32300"
"10800.00","0.00",""
"24200.00","50000.00","25800"
"16700.00","0.00",""
"18200.00","50000.00","31800"
"39407.00","0.00",""
"19400.00","0.00",""
"15200.00","50000.00","34800"
"21550.00","0.00",""
"13900.00","50000.00","36100"
"4150.00","0.00",""
"25000.00","50000.00","25000"
"950.00","0.00",""
"39300.00","50000.00","10700"
"27600.00","0.00",""
"3600.00","50000.00","46400"
"17900.00","0.00",""
"12400.00","50000.00","37600"
"3500.00","0.00",""
"34300.00","50000.00","15700"
"2050.00","0.00",""
"39600.00","50000.00","10400"
"1550.00","0.00",""
"13600.00","50000.00","36400"
"10200.00","0.00",""
"2000.00","50000.00","48000"
"7800.00","0.00",""
"13200.00","50000.00","36800"
"6450.00","0.00",""
"25200.00","50000.00","24800"
"5850.00","0.00",""
"29800.00","50000.00","20200"
"11150.00","0.00",""
"24800.00","50000.00","25200"
"13100.00","0.00",""
"19800.00","50000.00","30200"
"8550.00","0.00",""
"32000.00","50000.00","18000"
"5850.00","0.00",""
"9300.00","50000.00","40700"
"15900.00","0.00",""
"6500.00","50000.00","43500"
"29600.00","0.00",""
"2300.00","50000.00","47700"
"15950.00","0.00",""
"30400.00","50000.00","19600"
"44753.00","0.00",""
"19200.00","0.00",""
"21300.00","50000.00","28700"
"10150.00","0.00",""
"4800.00","50000.00","45200"
"12400.00","0.00",""
"6200.00","50000.00","43800"
"15400.00","0.00",""
"36000.00","50000.00","14000"
"6150.00","0.00",""
"29900.00","50000.00","20100"
"2100.00","0.00",""
"18700.00","50000.00","31300"
"27250.00","0.00",""
"22900.00","50000.00","27100"
"18950.00","0.00",""
"4500.00","50000.00","45500"
"25900.00","0.00",""
"34100.00","50000.00","15900"
"17450.00","0.00",""
"1600.00","50000.00","48400"
"21500.00","0.00",""
"26000.00","50000.00","24000"
"5400.00","0.00",""
"23100.00","50000.00","26900"
"18500.00","0.00",""
"33500.00","50000.00","16500"
"23500.00","0.00",""
"37200.00","50000.00","12800"
"7800.00","0.00",""
"23200.00","50000.00","26800"
"9000.00","0.00",""
"38500.00","50000.00","11500"
"26700.00","0.00",""
"34300.00","50000.00","15700"
"13800.00","0.00",""
"32500.00","50000.00","17500"
"27550.00","0.00",""
"25700.00","50000.00","24300"
"23800.00","0.00",""
"23300.00","50000.00","26700"
"29038.00","0.00",""
"13700.00","0.00",""
"17500.00","50000.00","32500"
"12550.00","0.00",""
"5400.00","50000.00","44600"
"14250.00","0.00",""
"24000.00","50000.00","26000"
"12450.00","0.00",""
"39400.00","50000.00","10600"
"23750.00","0.00",""
"30100.00","50000.00","19900"
"19400.00","0.00",""
"18200.00","50000.00","31800"
"1450.00","0.00",""
"26300.00","50000.00","23700"
"16600.00","0.00",""
"10300.00","50000.00","39700"
"24950.00","0.00",""
"11800.00","50000.00","38200"
"18150.00","0.00",""
"14200.00","50000.00","35800"
"17400.00","0.00",""
"15300.00","50000.00","34700"
"14100.00","0.00",""
"29400.00","50000.00","20600"
"500.00","0.00",""
"27400.00","50000.00","22600"
"9750.00","0.00",""
"5300.00","50000.00","44700"
"12350.00","0.00",""
"37800.00","50000.00","12200"
"20800.00","0.00",""
"26000.00","50000.00","24000"
"28400.00","0.00",""
"39800.00","50000.00","10200"
"12300.00","0.00",""
"36300.00","50000.00","13700"
"24350.00","0.00",""
"34000.00","50000.00","16000"
"25100.00","0.00",""
"23900.00","50000.00","26100"
"21004.00","0.00",""
"850.00","0.00",""
"5700.00","50000.00","44300"
"15050.00","0.00",""
"12300.00","50000.00","37700"
"20700.00","0.00",""
"36400.00","50000.00","13600"
"12450.00","0.00",""
"16600.00","50000.00","33400"
"29750.00","0.00",""
"19800.00","50000.00","30200"
"24200.00","0.00",""
"29300.00","50000.00","20700"
"27150.00","0.00",""
"18600.00","50000.00","31400"
"21750.00","0.00",""
"39100.00","50000.00","10900"
"28150.00","0.00",""
"17900.00","50000.00","32100"
"18000.00","0.00",""
"36900.00","50000.00","13100"
"23200.00","0.00",""
"14800.00","50000.00","35200"
"15650.00","0.00",""
"13800.00","50000.00","36200"
"11800.00","0.00",""
"7100.00","50000.00","42900"
"9850.00","0.00",""
"17100.00","50000.00","32900"
"6100.00","0.00",""
"39000.00","50000.00","11000"
"27400.00","0.00",""
"40000.00","50000.00","10000"
"9450.00","0.00",""
"10800.00","50000.00","39200"
"11050.00","0.00",""
"38800.00","50000.00","11200"
"24750.00","0.00",""
"15100.00","50000.00","34900"
"26850.00","0.00",""
"31500.00","50000.00","18500"
"11903.00","0.00",""
"14450.00","0.00",""
"6100.00","50000.00","43900"
"9900.00","0.00",""
"16100.00","50000.00","33900"
"11600.00","0.00",""
"19400.00","50000.00","30600"
"9150.00","0.00",""
"16400.00","50000.00","33600"
"700.00","0.00",""
"37200.00","50000.00","12800"
"27300.00","0.00",""
"7400.00","50000.00","42600"
"14000.00","0.00",""
"3300.00","50000.00","46700"
"2750.00","0.00",""
"29300.00","50000.00","20700"
"14950.00","0.00",""
"36700.00","50000.00","13300"
"6450.00","0.00",""
"33600.00","50000.00","16400"
"25100.00","0.00",""
"6200.00","50000.00","43800"
"600.00","0.00",""
"30300.00","50000.00","19700"
"14550.00","0.00",""
"25000.00","50000.00","25000"
"24500.00","0.00",""
"23500.00","50000.00","26500"
"17400.00","0.00",""
"10400.00","50000.00","39600"
"2600.00","0.00",""
"13900.00","50000.00","36100"
"24450.00","0.00",""
"6800.00","50000.00","43200"
"3300.00","0.00",""
"21500.00","50000.00","28500"
"25150.00","0.00",""
"4700.00","50000.00","45300"
"29500.00","0.00",""
"33200.00","50000.00","16800"
"16123.00","0.00",""
"2700.00","0.00",""
"8700.00","50000.00","41300"
"7600.00","0.00",""
"29800.00","50000.00","20200"
"15550.00","0.00",""
"5300.00","50000.00","44700"
"12700.00","0.00",""
"7000.00","50000.00","43000"
"28550.00","0.00",""
"22300.00","50000.00","27700"
"11550.00","0.00",""
"27700.00","50000.00","22300"
"19450.00","0.00",""
"24000.00","50000.00","26000"
"22650.00","0.00",""
"16200.00","50000.00","33800"
"21950.00","0.00",""
"16600.00","50000.00","33400"
"29100.00","0.00",""
"32700.00","50000.00","17300"
"3050.00","0.00",""
"32200.00","50000.00","17800"
"5050.00","0.00",""
"40000.00","50000.00","10000"
"10600.00","0.00",""
"33000.00","50000.00","17000"
"10800.00","0.00",""
"14500.00","50000.00","35500"
"4150.00","0.00",""
"9000.00","50000.00","41000"
"12250.00","0.00",""
"9800.00","50000.00","40200"
"28250.00","0.00",""
"4800.00","50000.00","45200"
"8000.00","0.00",""
"1100.00","50000.00","48900"
"20900.00","0.00",""
"24000.00","50000.00","26000"
"24050.00","0.00",""
"15900.00","50000.00","34100"
"23139.00","0.00",""
"1650.00","0.00",""
"12800.00","50000.00","37200"
"14750.00","0.00",""
"37100.00","50000.00","12900"
"14450.00","0.00",""
"36900.00","50000.00","13100"
"23200.00","0.00",""
"4600.00","50000.00","45400"
"11950.00","0.00",""
"14500.00","50000.00","35500"
"10100.00","0.00",""
"22700.00","50000.00","27300"
"5850.00","0.00",""
"28800.00","50000.00","21200"
"11500.00","0.00",""
"34100.00","50000.00","15900"
"7600.00","0.00",""
"14600.00","50000.00","35400"
"7250.00","0.00",""
"4600.00","50000.00","45400"
"3050.00","0.00",""
"9400.00","50000.00","40600"
"15700.00","0.00",""
"31400.00","50000.00","18600"
"29100.00","0.00",""
"15700.00","50000.00","34300"
"22450.00","0.00",""
"7300.00","50000.00","42700"
"23950.00","0.00",""
"36200.00","50000.00","13800"
"15550.00","0.00",""
"36800.00","50000.00","13200"
"20600.00","0.00",""
"14900.00","50000.00","35100"
"25600.00","0.00",""
"28600.00","50000.00","21400"
"25250.00","0.00",""
"23400.00","50000.00","26600"
"4100.00","0.00",""
"31600.00","50000.00","18400"
"37318.00","0.00",""
"2000.00","0.00",""
"23100.00","50000.00","26900"
"16500.00","0.00",""
"31900.00","50000.00","18100"
"12800.00","0.00",""
"2300.00","50000.00","47700"
"4650.00","0.00",""
"12700.00","50000.00","37300"
"29450.00","0.00",""
"31000.00","50000.00","19000"
"1050.00","0.00",""
"35400.00","50000.00","14600"
"13750.00","0.00",""
"30500.00","50000.00","19500"
"2050.00","0.00",""
"40000.00","50000.00","10000"
"8950.00","0.00",""
"25000.00","50000.00","25000"
"26550.00","0.00",""
"34300.00","50000.00","15700"
"22600.00","0.00",""
"15200.00","50000.00","34800"
"9250.00","0.00",""
"30900.00","50000.00","19100"
"22300.00","0.00",""
"33500.00","50000.00","16500"
"25150.00","0.00",""
"5600.00","50000.00","44400"
"24050.00","0.00",""
"18800.00","50000.00","31200"
"20000.00","2000000.00","1980000"
"20000000.00","0.00",""
"25000000.00","0.00",""
"25000000.00","0.00",""
"25000000.00","0.00",""
"25000000.00","0.00",""
"25000000.00","0.00",""
"9918.00","0.00",""
"25000000.00","0.00",""
"25000000.00","0.00",""
"25000000.00","0.00",""
"25000000.00","0.00",""
"9136.00","0.00",""
"34940.00","0.00",""
"11500.00","0.00",""
"15000000.00","0.00","0"
"15000000.00","0.00","0"
"15000000.00","0.00","0"
"15000000.00","0.00","0"
"15000000.00","0.00","0"
"15000000.00","0.00","0"
"15000000.00","0.00","0"
"15000000.00","0.00","0"
"15000000.00","0.00","0"
"15000000.00","0.00","0"
"23823.00","0.00",""
"41531.00","0.00",""
"24626.00","0.00",""
"5246.00","0.00",""
"13900.00","0.00",""
"7807.00","0.00",""
"11434.00","0.00",""
"10160.00","0.00",""
"26315.00","0.00",""
"24606.00","0.00",""
"30773.00","0.00",""
"44658.00","0.00",""
"35766.00","0.00",""
"8827.00","0.00",""
"14790.00","0.00",""
"18071.00","0.00",""
"37860.00","0.00",""
"17528.00","0.00",""
"32947.00","0.00",""
"13397.00","0.00",""
"30743.00","0.00",""
"15334.00","0.00",""
"37208.00","0.00",""
"33825.00","0.00",""
"26713.00","0.00",""
"15655.00","0.00",""
"17755.00","0.00",""
"44948.00","0.00",""
"32289.00","0.00",""
"15312.00","0.00",""
"39652.00","0.00",""
"16476.00","0.00",""
"20929.00","0.00",""
"34471.00","0.00",""
"18494.00","0.00",""
"6199.00","0.00",""
"24258.00","0.00",""
"6507.00","0.00",""
"10306.00","0.00",""
"22626.00","0.00",""
"16471.00","0.00",""
"28171.00","0.00",""
"7465.00","0.00",""
"30042.00","0.00",""
"37548.00","0.00",""
"35635.00","0.00",""
"41015.00","0.00",""
"16085.00","0.00",""
"21406.00","0.00",""
"37913.00","0.00",""
"38911.00","0.00",""
"24795.00","0.00",""
"36109.00","0.00",""
"32605.00","0.00",""
"13879.00","0.00",""
"33410.00","0.00",""
"6760.00","0.00",""
"33675.00","0.00",""
"26497.00","0.00",""
"23058.00","0.00",""
"37963.00","0.00",""
"32796.00","0.00",""
"28369.00","0.00",""
"32490.00","0.00",""
"36589.00","0.00",""
"25751.00","0.00",""
"33267.00","0.00",""
"20120.00","0.00",""
"17286.00","0.00",""
"21113.00","0.00",""
"36001.00","0.00",""
"27291.00","0.00",""
"39132.00","0.00",""
"43880.00","0.00",""
"17314.00","0.00",""
"21075.00","0.00",""
"35628.00","0.00",""
"33846.00","0.00",""
"18751.00","0.00",""
"5380.00","0.00",""
"6052.00","0.00",""
"31277.00","0.00",""
"27391.00","0.00",""
"8333.00","0.00",""
"25981.00","0.00",""
"23573.00","0.00",""
"28416.00","0.00",""
"31757.00","0.00",""
"30960.00","0.00",""
"28483.00","0.00",""
"44304.00","0.00",""
"40040.00","0.00",""
"38089.00","0.00",""
"29291.00","0.00",""
"27034.00","0.00",""
"41023.00","0.00",""
"41104.00","0.00",""
"8859.00","0.00",""
"23005.00","0.00",""
"18151.00","0.00",""
"9860.00","0.00",""
"43389.00","0.00",""
"9592.00","0.00",""
"34764.00","0.00",""
"25789.00","0.00",""
"36754.00","0.00",""
"35541.00","0.00",""
"39805.00","0.00",""
"26051.00","0.00",""
"21413.00","0.00",""
"41038.00","0.00",""
"7842.00","0.00",""
"5949.00","0.00",""
"34975.00","0.00",""
"5833.00","0.00",""
"28821.00","0.00",""
"32171.00","0.00",""
"18135.00","0.00",""
"42867.00","0.00",""
"30846.00","0.00",""
"42569.00","0.00",""
"40504.00","0.00",""
"26252.00","0.00",""
"16250.00","0.00",""
"29834.00","0.00",""
"38584.00","0.00",""
"40725.00","0.00",""
"15712.00","0.00",""
"10511.00","0.00",""
"18700.00","0.00",""
"26395.00","0.00",""
"40048.00","0.00",""
"17157.00","0.00",""
"40101.00","0.00",""
"21602.00","0.00",""
"25009.00","0.00",""
"18755.00","0.00",""
"38252.00","0.00",""
"44337.00","0.00",""
"40579.00","0.00",""
"37975.00","0.00",""
"29921.00","0.00",""
"44621.00","0.00",""
"33535.00","0.00",""
"21915.00","0.00",""
"44604.00","0.00",""
"32603.00","0.00",""
"5091.00","0.00",""
"23836.00","0.00",""
"37740.00","0.00",""
"19223.00","0.00",""
"21386.00","0.00",""
"5552.00","0.00",""
"14332.00","0.00",""
"18369.00","0.00",""
"32554.00","0.00",""
"33362.00","0.00",""
"28275.00","0.00",""
"39284.00","0.00",""
"19920.00","0.00",""
"37065.00","0.00",""
"26128.00","0.00",""
"35186.00","0.00",""
"21458.00","0.00",""
"22574.00","0.00",""
"29228.00","0.00",""
"12271.00","0.00",""
"14474.00","0.00",""
"37968.00","0.00",""
"9264.00","0.00",""
"35498.00","0.00",""
"22941.00","0.00",""
"20269.00","0.00",""
"18219.00","0.00",""
"29256.00","0.00",""
"5179.00","0.00",""
"15133.00","0.00",""
"24838.00","0.00",""
"33893.00","0.00",""
"32876.00","0.00",""
"13383.00","0.00",""
"7159.00","0.00",""
"30147.00","0.00",""
"15363.00","0.00",""
"24098.00","0.00",""
"7528.00","0.00",""
"34655.00","0.00",""
"40428.00","0.00",""
"18794.00","0.00",""
"17485.00","0.00",""
"5930.00","0.00",""
"11825.00","0.00",""
"39838.00","0.00",""
"33650.00","0.00",""
"40853.00","0.00",""
"33527.00","0.00",""
"43315.00","0.00",""
"7514.00","0.00",""
"28617.00","0.00",""
"17909.00","0.00",""
"15827.00","0.00",""
"13924.00","0.00",""
"11853.00","0.00",""
"18954.00","0.00",""
"12395.00","0.00",""
"11726.00","0.00",""
"10566.00","0.00",""
"8525.00","0.00",""
"33861.00","0.00",""
"33510.00","0.00",""
"9091.00","0.00",""
"8095.00","0.00",""
"8674.00","0.00",""
"20058.00","0.00",""
"20493.00","0.00",""
"30395.00","0.00",""
"21565.00","0.00",""
"35616.00","0.00",""
"27658.00","0.00",""
"25437.00","0.00",""
"9242.00","0.00",""
"42932.00","0.00",""
"35706.00","0.00",""
"34387.00","0.00",""
"44456.00","0.00",""
"32050.00","0.00",""
"44460.00","0.00",""
"25629.00","0.00",""
"29239.00","0.00",""
"37233.00","0.00",""
"6082.00","0.00",""
"37560.00","0.00",""
"18728.00","0.00",""
"44813.00","0.00",""
"11243.00","0.00",""
"36262.00","0.00",""
"22457.00","0.00",""
"40327.00","0.00",""
"31664.00","0.00",""
"29581.00","0.00",""
"22498.00","0.00",""
"24811.00","0.00",""
"14035.00","0.00",""
"39292.00","0.00",""
"23393.00","0.00",""
"15177.00","0.00",""
"6062.00","0.00",""
"42721.00","0.00",""
"27146.00","0.00",""
"24720.00","0.00",""
"6247.00","0.00",""
"44060.00","0.00",""
"12661.00","0.00",""
"35941.00","0.00",""
"19573.00","0.00",""
"36364.00","0.00",""
"34988.00","0.00",""
"6576.00","0.00",""
"14131.00","0.00",""
"21103.00","0.00",""
"28190.00","0.00",""
"15884.00","0.00",""
"29940.00","0.00",""
"42130.00","0.00",""
"25761.00","0.00",""
"29391.00","0.00",""
"28439.00","0.00",""
"21720.00","0.00",""
"7244.00","0.00",""
"36003.00","0.00",""
"19356.00","0.00",""
"27394.00","0.00",""
"23778.00","0.00",""
"11028.00","0.00",""
"7949.00","0.00",""
"39017.00","0.00",""
"42339.00","0.00",""
"24420.00","0.00",""
"34390.00","0.00",""
"36096.00","0.00",""
"21314.00","0.00",""
"18983.00","0.00",""
"25082.00","0.00",""
"26038.00","0.00",""
"18218.00","0.00",""
"27634.00","0.00",""
"43976.00","0.00",""
"30017.00","0.00",""
"15237.00","0.00",""
"17018.00","0.00",""
"6480.00","0.00",""
"41736.00","0.00",""
"12694.00","0.00",""
"11923.00","0.00",""
"34428.00","0.00",""
"10046.00","0.00",""
"37638.00","0.00",""
"14070.00","0.00",""
"12052.00","0.00",""
"44133.00","0.00",""
"25128.00","0.00",""
"15423.00","0.00",""
"23978.00","0.00",""
"18613.00","0.00",""
"16093.00","0.00",""
"8062.00","0.00",""
"21647.00","0.00",""
"42523.00","0.00",""
"27686.00","0.00",""
"27204.00","0.00",""
"24669.00","0.00",""
"25494.00","0.00",""
"31490.00","0.00",""
"22351.00","0.00",""
"41130.00","0.00",""
"38388.00","0.00",""
"24768.00","0.00",""
"42324.00","0.00",""
"24946.00","0.00",""
"10622.00","0.00",""
"31821.00","0.00",""
"12866.00","0.00",""
"12902.00","0.00",""
"26795.00","0.00",""
"38726.00","0.00",""
"17553.00","0.00",""
"44260.00","0.00",""
"15195.00","0.00",""
"31122.00","0.00",""
"25115.00","0.00",""
"31192.00","0.00",""
"39848.00","0.00",""
"27305.00","0.00",""
"39926.00","0.00",""
"24792.00","0.00",""
"25413.00","0.00",""
"7630.00","0.00",""
"29055.00","0.00",""
"31462.00","0.00",""
"25740.00","0.00",""
"33588.00","0.00",""
"16097.00","0.00",""
"22716.00","0.00",""
"22598.00","0.00",""
"11280.00","0.00",""
"18966.00","0.00",""
"23257.00","0.00",""
"14783.00","0.00",""
"5798.00","0.00",""
"9779.00","0.00",""
"21633.00","0.00",""
"41974.00","0.00",""
"34447.00","0.00",""
"16539.00","0.00",""
"12884.00","0.00",""
"21531.00","0.00",""
"10871.00","0.00",""
"25642.00","0.00",""
"11386.00","0.00",""
"21278.00","0.00",""
"15062.00","0.00",""
"12431.00","0.00",""
"5070.00","0.00",""
"28364.00","0.00",""
"25287.00","0.00",""
"31770.00","0.00",""
"35363.00","0.00",""
"15476.00","0.00",""
"28893.00","0.00",""
"8122.00","0.00",""
"28653.00","0.00",""
"8099.00","0.00",""
"36182.00","0.00",""
"27462.00","0.00",""
"39180.00","0.00",""
"9075.00","0.00",""
"44443.00","0.00",""
"29460.00","0.00",""
"43338.00","0.00",""
"37926.00","0.00",""
"12185.00","0.00",""
"10395.00","0.00",""
"31109.00","0.00",""
"43738.00","0.00",""
"39713.00","0.00",""
"31360.00","0.00",""
"10359.00","0.00",""
"8144.00","0.00",""
"39707.00","0.00",""
"43036.00","0.00",""
"25105.00","0.00",""
"42999.00","0.00",""
"31222.00","0.00",""
"7025.00","0.00",""
"17630.00","0.00",""
"25515.00","0.00",""
"10052.00","0.00",""
"20628.00","0.00",""
"33012.00","0.00",""
"22968.00","0.00",""
"8709.00","0.00",""
"5015.00","0.00",""
"15483.00","0.00",""
"25040.00","0.00",""
"26023.00","0.00",""
"36049.00","0.00",""
"23885.00","0.00",""
"15361.00","0.00",""
"33405.00","0.00",""
"44682.00","0.00",""
"42265.00","0.00",""
"17245.00","0.00",""
"26800.00","0.00",""
"21886.00","0.00",""
"43019.00","0.00",""
"30959.00","0.00",""
"25624.00","0.00",""
"38545.00","0.00",""
"20187.00","0.00",""
"35669.00","0.00",""
"17005.00","0.00",""
"12227.00","0.00",""
"26654.00","0.00",""
"33501.00","0.00",""
"40793.00","0.00",""
"16598.00","0.00",""
"10787.00","0.00",""
"5953.00","0.00",""
"8340.00","0.00",""
"38551.00","0.00",""
"24623.00","0.00",""
"14709.00","0.00",""
"16535.00","0.00",""
"38202.00","0.00",""
"37595.00","0.00",""
"22357.00","0.00",""
"35652.00","0.00",""
"27999.00","0.00",""
"30395.00","0.00",""
"34463.00","0.00",""
"9301.00","0.00",""
"34887.00","0.00",""
"33282.00","0.00",""
"15939.00","0.00",""
"23947.00","0.00",""
"22695.00","0.00",""
"19618.00","0.00",""
"44485.00","0.00",""
"33886.00","0.00",""
"15560.00","0.00",""
"7795.00","0.00",""
"33931.00","0.00",""
"34342.00","0.00",""
"22197.00","0.00",""
"28418.00","0.00",""
"36760.00","0.00",""
"43348.00","0.00",""
"16842.00","0.00",""
"27338.00","0.00",""
"11434.00","0.00",""
"27404.00","0.00",""
"18637.00","0.00",""
"21821.00","0.00",""
"32328.00","0.00",""
"15896.00","0.00",""
"14568.00","0.00",""
"19490.00","0.00",""
"41081.00","0.00",""
"21409.00","0.00",""
"27955.00","0.00",""
"9124.00","0.00",""
"7082.00","0.00",""
"5964.00","0.00",""
"16815.00","0.00",""
"44025.00","0.00",""
"33025.00","0.00",""
"29476.00","0.00",""
"33409.00","0.00",""
"9318.00","0.00",""
"20184.00","0.00",""
"12500.00","0.00",""
"33255.00","0.00",""
"10226.00","0.00",""
"26199.00","0.00",""
"41999.00","0.00",""
"15101.00","0.00",""
"6876.00","0.00",""
"23512.00","0.00",""
"6902.00","0.00",""
"17000.00","0.00",""
"42661.00","0.00",""
"17857.00","0.00",""
"22077.00","0.00",""
"16004.00","0.00",""
"41936.00","0.00",""
"27880.00","0.00",""
"10051.00","0.00",""
"37852.00","0.00",""
"10098.00","0.00",""
"16174.00","0.00",""
"36002.00","0.00",""
"28354.00","0.00",""
"40342.00","0.00",""
"44576.00","0.00",""
"42366.00","0.00",""
"38205.00","0.00",""
"29804.00","0.00",""
"43805.00","0.00",""
"34795.00","0.00",""
"18442.00","0.00",""
"27277.00","0.00",""
"39341.00","0.00",""
"8989.00","0.00",""
"18158.00","0.00",""
"43001.00","0.00",""
"28666.00","0.00",""
"34698.00","0.00",""
"44156.00","0.00",""
"42631.00","0.00",""
"17349.00","0.00",""
"39830.00","0.00",""
"30085.00","0.00",""
"13528.00","0.00",""
"13308.00","0.00",""
"31280.00","0.00",""
"34754.00","0.00",""
"36349.00","0.00",""
"42946.00","0.00",""
"24577.00","0.00",""
"7935.00","0.00",""
"18782.00","0.00",""
"35778.00","0.00",""
"11006.00","0.00",""
"23928.00","0.00",""
"36922.00","0.00",""
"34484.00","0.00",""
"35844.00","0.00",""
"34985.00","0.00",""
"17019.00","0.00",""
"44726.00","0.00",""
"26563.00","0.00",""
"30162.00","0.00",""
"33349.00","0.00",""
"11196.00","0.00",""
"22476.00","0.00",""
"6141.00","0.00",""
"32492.00","0.00",""
"34006.00","0.00",""
"34061.00","0.00",""
"37265.00","0.00",""
"13842.00","0.00",""
"39336.00","0.00",""
"35248.00","0.00",""
"35323.00","0.00",""
"38349.00","0.00",""
"21286.00","0.00",""
"8266.00","0.00",""
"6277.00","0.00",""
"24157.00","0.00",""
"37512.00","0.00",""
"37502.00","0.00",""
"13764.00","0.00",""
"36661.00","0.00",""
"7566.00","0.00",""
"18580.00","0.00",""
"30130.00","0.00",""
"10589.00","0.00",""
"14933.00","0.00",""
"20871.00","0.00",""
"18809.00","0.00",""
"21362.00","0.00",""
"36096.00","0.00",""
"35820.00","0.00",""
"9828.00","0.00",""
"36019.00","0.00",""
"43674.00","0.00",""
"43277.00","0.00",""
"5657.00","0.00",""
"11580.00","0.00",""
"19991.00","0.00",""
"21750.00","0.00",""
"34552.00","0.00",""
"32879.00","0.00",""
"32899.00","0.00",""
"12988.00","0.00",""
"16613.00","0.00",""
"16993.00","0.00",""
"5643.00","0.00",""
"31624.00","0.00",""
"9297.00","0.00",""
"16619.00","0.00",""
"42886.00","0.00",""
"37928.00","0.00",""
"41873.00","0.00",""
"22200.00","0.00",""
"14489.00","0.00",""
"42146.00","0.00",""
"27743.00","0.00",""
"12463.00","0.00",""
"42452.00","0.00",""
"15045.00","0.00",""
"36157.00","0.00",""
"36292.00","0.00",""
"41398.00","0.00",""
"5684.00","0.00",""
"28374.00","0.00",""
"20909.00","0.00",""
"33338.00","0.00",""
"27768.00","0.00",""
"18143.00","0.00",""
"16534.00","0.00",""
"29693.00","0.00",""
"26667.00","0.00",""
"13414.00","0.00",""
"9286.00","0.00",""
"31800.00","0.00",""
"28718.00","0.00",""
"33198.00","0.00",""
"42592.00","0.00",""
"29457.00","0.00",""
"44989.00","0.00",""
"43212.00","0.00",""
"6264.00","0.00",""
"5882.00","0.00",""
"38331.00","0.00",""
"12356.00","0.00",""
"34058.00","0.00",""
"12617.00","0.00",""
"15556.00","0.00",""
"7489.00","0.00",""
"33661.00","0.00",""
"16044.00","0.00",""
"18759.00","0.00",""
"31106.00","0.00",""
"31832.00","0.00",""
"30944.00","0.00",""
"35868.00","0.00",""
"17713.00","0.00",""
"30874.00","0.00",""
"24152.00","0.00",""
"7155.00","0.00",""
"17403.00","0.00",""
"30998.00","0.00",""
"28590.00","0.00",""
"39089.00","0.00",""
"11989.00","0.00",""
"34248.00","0.00",""
"44187.00","0.00",""
"15400.00","0.00",""
"8000.00","0.00",""
"18137.00","0.00",""
"24272.00","0.00",""
"6015.00","0.00",""
"5550.00","0.00",""
"42102.00","0.00",""
"16814.00","0.00",""
"12974.00","0.00",""
"9955.00","0.00",""
"6266.00","0.00",""
"26264.00","0.00",""
"9040.00","0.00",""
"9254.00","0.00",""
"34613.00","0.00",""
"15102.00","0.00",""
"18257.00","0.00",""
"33007.00","0.00",""
"29085.00","0.00",""
"5664.00","0.00",""
"27170.00","0.00",""
"11106.00","0.00",""
"28661.00","0.00",""
"41542.00","0.00",""
"37828.00","0.00",""
"39926.00","0.00",""
"19502.00","0.00",""
"37693.00","0.00",""
"43256.00","0.00",""
"40105.00","0.00",""
"28380.00","0.00",""
"22432.00","0.00",""
"13552.00","0.00",""
"12859.00","0.00",""
"28652.00","0.00",""
"15247.00","0.00",""
"22626.00","0.00",""
"36713.00","0.00",""
"20175.00","0.00",""
"21456.00","0.00",""
"41667.00","0.00",""
"43868.00","0.00",""
"11319.00","0.00",""
"7587.00","0.00",""
"10838.00","0.00",""
"7341.00","0.00",""
"18057.00","0.00",""
"19098.00","0.00",""
"11406.00","0.00",""
"24878.00","0.00",""
"25389.00","0.00",""
"19479.00","0.00",""
"24433.00","0.00",""
"14121.00","0.00",""
"31693.00","0.00",""
"24169.00","0.00",""
"31470.00","0.00",""
"23988.00","0.00",""
"43082.00","0.00",""
"13384.00","0.00",""
"5086.00","0.00",""
"44121.00","0.00",""
"6248.00","0.00",""
"19730.00","0.00",""
"10952.00","0.00",""
"30896.00","0.00",""
"34338.00","0.00",""
"28102.00","0.00",""
"21670.00","0.00",""
"15657.00","0.00",""
"11779.00","0.00",""
"35127.00","0.00",""
"24895.00","0.00",""
"14577.00","0.00",""
"43826.00","0.00",""
"15814.00","0.00",""
"15560.00","0.00",""
"24850.00","0.00",""
"15029.00","0.00",""
"34390.00","0.00",""
"38781.00","0.00",""
"11204.00","0.00",""
"9005.00","0.00",""
"34267.00","0.00",""
"15716.00","0.00",""
"27212.00","0.00",""
"18977.00","0.00",""
"10721.00","0.00",""
"5579.00","0.00",""
"31730.00","0.00",""
"32672.00","0.00",""
"35130.00","0.00",""
"19205.00","0.00",""
"25146.00","0.00",""
"25269.00","0.00",""
"36942.00","0.00",""
"37979.00","0.00",""
"12937.00","0.00",""
"23786.00","0.00",""
"24205.00","0.00",""
"38733.00","0.00",""
"44316.00","0.00",""
"23277.00","0.00",""
"30238.00","0.00",""
"24700.00","0.00",""
"26392.00","0.00",""
"40885.00","0.00",""
"29624.00","0.00",""
"37226.00","0.00",""
"15963.00","0.00",""
"34730.00","0.00",""
"8031.00","0.00",""
"44577.00","0.00",""
"28929.00","0.00",""
"36402.00","0.00",""
"18146.00","0.00",""
"27928.00","0.00",""
"27495.00","0.00",""
"16356.00","0.00",""
"6574.00","0.00",""
"35260.00","0.00",""
"29472.00","0.00",""
"44859.00","0.00",""
"19839.00","0.00",""
"31347.00","0.00",""
"37412.00","0.00",""
"24919.00","0.00",""
"22927.00","0.00",""
"37874.00","0.00",""
"5452.00","0.00",""
"6797.00","0.00",""
"22042.00","0.00",""
"11192.00","0.00",""
"8799.00","0.00",""
"27607.00","0.00",""
"28831.00","0.00",""
"12929.00","0.00",""
"39105.00","0.00",""
"14738.00","0.00",""
"33808.00","0.00",""
"19789.00","0.00",""
"17025.00","0.00",""
"18367.00","0.00",""
"16812.00","0.00",""
"21838.00","0.00",""
"5366.00","0.00",""
"43881.00","0.00",""
"36045.00","0.00",""
"42597.00","0.00",""
"18108.00","0.00",""
"20921.00","0.00",""
"20116.00","0.00",""
"28375.00","0.00",""
"23327.00","0.00",""
"8869.00","0.00",""
"14676.00","0.00",""
"28506.00","0.00",""
"11863.00","0.00",""
"36165.00","0.00",""
"13542.00","0.00",""
"12098.00","0.00",""
"7383.00","0.00",""
"6140.00","0.00",""
"43650.00","0.00",""
"18578.00","0.00",""
"6191.00","0.00",""
"35526.00","0.00",""
"6789.00","0.00",""
"43742.00","0.00",""
"7710.00","0.00",""
"11243.00","0.00",""
"30148.00","0.00",""
"10317.00","0.00",""
"7177.00","0.00",""
"42076.00","0.00",""
"7071.00","0.00",""
"26609.00","0.00",""
"6666.00","0.00",""
"28029.00","0.00",""
"14045.00","0.00",""
"5512.00","0.00",""
"40165.00","0.00",""
"20004.00","0.00",""
"30513.00","0.00",""
"24605.00","0.00",""
"20975.00","0.00",""
"38523.00","0.00",""
"12235.00","0.00",""
"32948.00","0.00",""
"30549.00","0.00",""
"29271.00","0.00",""
"10578.00","0.00",""
"29898.00","0.00",""
"18632.00","0.00",""
"10904.00","0.00",""
"42416.00","0.00",""
"7422.00","0.00",""
"31025.00","0.00",""
"25705.00","0.00",""
"28379.00","0.00",""
"13123.00","0.00",""
"31457.00","0.00",""
"20480.00","0.00",""
"26116.00","0.00",""
"9595.00","0.00",""
"16484.00","0.00",""
"19833.00","0.00",""
"27985.00","0.00",""
"38950.00","0.00",""
"23937.00","0.00",""
"28690.00","0.00",""
"41154.00","0.00",""
"22884.00","0.00",""
"38510.00","0.00",""
"21658.00","0.00",""
"7459.00","0.00",""
"6040.00","0.00",""
"43902.00","0.00",""
"27855.00","0.00",""
"35316.00","0.00",""
"23876.00","0.00",""
"35689.00","0.00",""
"18982.00","0.00",""
"18575.00","0.00",""
"9347.00","0.00",""
"26062.00","0.00",""
"27667.00","0.00",""
"17035.00","0.00",""
"22406.00","0.00",""
"24998.00","0.00",""
"30642.00","0.00",""
"17459.00","0.00",""
"40098.00","0.00",""
"26288.00","0.00",""
"25265.00","0.00",""
"10078.00","0.00",""
"41317.00","0.00",""
"20024.00","0.00",""
"30293.00","0.00",""
"43178.00","0.00",""
"42812.00","0.00",""
"42934.00","0.00",""
"18946.00","0.00",""
"11887.00","0.00",""
"37868.00","0.00",""
"32972.00","0.00",""
"26568.00","0.00",""
"36197.00","0.00",""
"38258.00","0.00",""
"7721.00","0.00",""
"12711.00","0.00",""
"5036.00","0.00",""
"13714.00","0.00",""
"16395.00","0.00",""
"42734.00","0.00",""
"27124.00","0.00",""
"6887.00","0.00",""
"18053.00","0.00",""
"23091.00","0.00",""
"18586.00","0.00",""
"42557.00","0.00",""
"7998.00","0.00",""
"14852.00","0.00",""
"39188.00","0.00",""
"25131.00","0.00",""
"31592.00","0.00",""
"7280.00","0.00",""
"14090.00","0.00",""
"22718.00","0.00",""
"36709.00","0.00",""
"22085.00","0.00",""
"19737.00","0.00",""
"30563.00","0.00",""
"37842.00","0.00",""
"35888.00","0.00",""
"34575.00","0.00",""
"14124.00","0.00",""
"8269.00","0.00",""
"27160.00","0.00",""
"24557.00","0.00",""
"15672.00","0.00",""
"14630.00","0.00",""
"39745.00","0.00",""
"34152.00","0.00",""
"13767.00","0.00",""
"14940.00","0.00",""
"17272.00","0.00",""
"28266.00","0.00",""
"28101.00","0.00",""
"22476.00","0.00",""
"36575.00","0.00",""
"18235.00","0.00",""
"9127.00","0.00",""
"40917.00","0.00",""
"17158.00","0.00",""
"30550.00","0.00",""
"39997.00","0.00",""
"15494.00","0.00",""
"42894.00","0.00",""
"15253.00","0.00",""
"6696.00","0.00",""
"10380.00","0.00",""
"12286.00","0.00",""
"31736.00","0.00",""
"37936.00","0.00",""
"20452.00","0.00",""
"18798.00","0.00",""
"11978.00","0.00",""
"44082.00","0.00",""
"9615.00","0.00",""
"24728.00","0.00",""
"35016.00","0.00",""
"23362.00","0.00",""
"28973.00","0.00",""
"44404.00","0.00",""
"38348.00","0.00",""
"21656.00","0.00",""
"8083.00","0.00",""
"30678.00","0.00",""
"31428.00","0.00",""
"21248.00","0.00",""
"32026.00","0.00",""
"42348.00","0.00",""
"36973.00","0.00",""
"17654.00","0.00",""
"6182.00","0.00",""
"39634.00","0.00",""
"15772.00","0.00",""
"14150.00","0.00",""
"42079.00","0.00",""
"30657.00","0.00",""
"14543.00","0.00",""
"32519.00","0.00",""
"40886.00","0.00",""
"30221.00","0.00",""
"13935.00","0.00",""
"6555.00","0.00",""
"25743.00","0.00",""
"20364.00","0.00",""
"36689.00","0.00",""
"7895.00","0.00",""
"21290.00","0.00",""
"32748.00","0.00",""
"22853.00","0.00",""
"10922.00","0.00",""
"32792.00","0.00",""
"23753.00","0.00",""
"44382.00","0.00",""
"17155.00","0.00",""
"13575.00","0.00",""
"19646.00","0.00",""
"13984.00","0.00",""
"28648.00","0.00",""
"27700.00","0.00",""
"38853.00","0.00",""
"43306.00","0.00",""
"44539.00","0.00",""
"28313.00","0.00",""
"36278.00","0.00",""
"31991.00","0.00",""
"26759.00","0.00",""
"7004.00","0.00",""
"24783.00","0.00",""
"42740.00","0.00",""
"7867.00","0.00",""
"41831.00","0.00",""
"43752.00","0.00",""
"10622.00","0.00",""
"13718.00","0.00",""
"23701.00","0.00",""
"10529.00","0.00",""
"22154.00","0.00",""
"27260.00","0.00",""
"30582.00","0.00",""
"44403.00","0.00",""
"17227.00","0.00",""
"31873.00","0.00",""
"28196.00","0.00",""
"23598.00","0.00",""
"42201.00","0.00",""
"24216.00","0.00",""
"31350.00","0.00",""
"18985.00","0.00",""
"20054.00","0.00",""
"9303.00","0.00",""
"43803.00","0.00",""
"29596.00","0.00",""
"35709.00","0.00",""
"43329.00","0.00",""
"42195.00","0.00",""
"17201.00","0.00",""
"8207.00","0.00",""
"22249.00","0.00",""
"37228.00","0.00",""
"10549.00","0.00",""
"35766.00","0.00",""
"25327.00","0.00",""
"29996.00","0.00",""
"33655.00","0.00",""
"43713.00","0.00",""
"20741.00","0.00",""
"11375.00","0.00",""
"30728.00","0.00",""
"6655.00","0.00",""
"39796.00","0.00",""
"42591.00","0.00",""
"17424.00","0.00",""
"23362.00","0.00",""
"17226.00","0.00",""
"42955.00","0.00",""
"23468.00","0.00",""
"37355.00","0.00",""
"43292.00","0.00",""
"33388.00","0.00",""
"22078.00","0.00",""
"19068.00","0.00",""
"28886.00","0.00",""
"39426.00","0.00",""
"17931.00","0.00",""
"33604.00","0.00",""
"37059.00","0.00",""
"7700.00","0.00",""
"38870.00","0.00",""
"44276.00","0.00",""
"36253.00","0.00",""
"28381.00","0.00",""
"6375.00","0.00",""
"40038.00","0.00",""
"14729.00","0.00",""
"20189.00","0.00",""
"10319.00","0.00",""
"20742.00","0.00",""
"25948.00","0.00",""
"18693.00","0.00",""
"33508.00","0.00",""
"35795.00","0.00",""
"15974.00","0.00",""
"21120.00","0.00",""
"17202.00","0.00",""
"12787.00","0.00",""
"15898.00","0.00",""
"15319.00","0.00",""
"16165.00","0.00",""
"23049.00","0.00",""
"26727.00","0.00",""
"12007.00","0.00",""
"15209.00","0.00",""
"12164.00","0.00",""
"15489.00","0.00",""
"34728.00","0.00",""
"34263.00","0.00",""
"22489.00","0.00",""
"39403.00","0.00",""
"31539.00","0.00",""
"13294.00","0.00",""
"7771.00","0.00",""
"39090.00","0.00",""
"13090.00","0.00",""
"36594.00","0.00",""
"20592.00","0.00",""
"5725.00","0.00",""
"18169.00","0.00",""
"38051.00","0.00",""
"34076.00","0.00",""
"34242.00","0.00",""
"32029.00","0.00",""
"18419.00","0.00",""
"29886.00","0.00",""
"35265.00","0.00",""
"21077.00","0.00",""
"41417.00","0.00",""
"6068.00","0.00",""
"17269.00","0.00",""
"28417.00","0.00",""
"20217.00","0.00",""
"9607.00","0.00",""
"24608.00","0.00",""
"30519.00","0.00",""
"34016.00","0.00",""
"34936.00","0.00",""
"26488.00","0.00",""
"43280.00","0.00",""
"6160.00","0.00",""
"36516.00","0.00",""
"29750.00","0.00",""
"12621.00","0.00",""
"10051.00","0.00",""
"19961.00","0.00",""
"32059.00","0.00",""
"5599.00","0.00",""
"42850.00","0.00",""
"23413.00","0.00",""
"20967.00","0.00",""
"7592.00","0.00",""
"12548.00","0.00",""
"30193.00","0.00",""
"24927.00","0.00",""
"25509.00","0.00",""
"14524.00","0.00",""
"39806.00","0.00",""
"22804.00","0.00",""
"37632.00","0.00",""
"9433.00","0.00",""
"33572.00","0.00",""
"19829.00","0.00",""
"9166.00","0.00",""
"18916.00","0.00",""
"25949.00","0.00",""
"14621.00","0.00",""
"9596.00","0.00",""
"37617.00","0.00",""
"23440.00","0.00",""
"37888.00","0.00",""
"27326.00","0.00",""
"13147.00","0.00",""
"8537.00","0.00",""
"29568.00","0.00",""
"17033.00","0.00",""
"18266.00","0.00",""
"7389.00","0.00",""
"17619.00","0.00",""
"10400.00","0.00",""
"18799.00","0.00",""
"42013.00","0.00",""
"25337.00","0.00",""
"39668.00","0.00",""
"29850.00","0.00",""
"32045.00","0.00",""
"34149.00","0.00",""
"28788.00","0.00",""
"37306.00","0.00",""
"23119.00","0.00",""
"42852.00","0.00",""
"7685.00","0.00",""
"26633.00","0.00",""
"17862.00","0.00",""
"25810.00","0.00",""
"9604.00","0.00",""
"26709.00","0.00",""
"35567.00","0.00",""
"41564.00","0.00",""
"17545.00","0.00",""
"6707.00","0.00",""
"32147.00","0.00",""
"19777.00","0.00",""
"26957.00","0.00",""
"31182.00","0.00",""
"33614.00","0.00",""
"40782.00","0.00",""
"38325.00","0.00",""
"26971.00","0.00",""
"13786.00","0.00",""
"12879.00","0.00",""
"37793.00","0.00",""
"17231.00","0.00",""
"43236.00","0.00",""
"20297.00","0.00",""
"20903.00","0.00",""
"40114.00","0.00",""
"8849.00","0.00",""
"35713.00","0.00",""
"41764.00","0.00",""
"33549.00","0.00",""
"13099.00","0.00",""
"5786.00","0.00",""
"10369.00","0.00",""
"35701.00","0.00",""
"27140.00","0.00",""
"19032.00","0.00",""
"6066.00","0.00",""
"34891.00","0.00",""
"30793.00","0.00",""
"37377.00","0.00",""
"7189.00","0.00",""
"35568.00","0.00",""
"35231.00","0.00",""
"15987.00","0.00",""
"37251.00","0.00",""
"24168.00","0.00",""
"12332.00","0.00",""
"31797.00","0.00",""
"18143.00","0.00",""
"34141.00","0.00",""
"44450.00","0.00",""
"29912.00","0.00",""
"28460.00","0.00",""
"11389.00","0.00",""
"34659.00","0.00",""
"13638.00","0.00",""
"39136.00","0.00",""
"17089.00","0.00",""
"22836.00","0.00",""
"24069.00","0.00",""
"31412.00","0.00",""
"29927.00","0.00",""
"9080.00","0.00",""
"16302.00","0.00",""
"44527.00","0.00",""
"27360.00","0.00",""
"21599.00","0.00",""
"14696.00","0.00",""
"36380.00","0.00",""
"26219.00","0.00",""
"27247.00","0.00",""
"23959.00","0.00",""
"10715.00","0.00",""
"18438.00","0.00",""
"33720.00","0.00",""
"30412.00","0.00",""
"21973.00","0.00",""
"38117.00","0.00",""
"9366.00","0.00",""
"12056.00","0.00",""
"18668.00","0.00",""
"34438.00","0.00",""
"37565.00","0.00",""
"29816.00","0.00",""
"34342.00","0.00",""
"36089.00","0.00",""
"32291.00","0.00",""
"40765.00","0.00",""
"28314.00","0.00",""
"35878.00","0.00",""
"18600.00","0.00",""
"39900.00","0.00",""
"29268.00","0.00",""
"30705.00","0.00",""
"30338.00","0.00",""
"33108.00","0.00",""
"44608.00","0.00",""
"8370.00","0.00",""
"13336.00","0.00",""
"37601.00","0.00",""
"43440.00","0.00",""
"38427.00","0.00",""
"11483.00","0.00",""
"40631.00","0.00",""
"16948.00","0.00",""
"41374.00","0.00",""
"44406.00","0.00",""
"19547.00","0.00",""
"32730.00","0.00",""
"23731.00","0.00",""
"12554.00","0.00",""
"37368.00","0.00",""
"5596.00","0.00",""
"24168.00","0.00",""
"10305.00","0.00",""
"38979.00","0.00",""
"22068.00","0.00",""
"30742.00","0.00",""
"27800.00","0.00",""
"24819.00","0.00",""
"44290.00","0.00",""
"38587.00","0.00",""
"34400.00","0.00",""
"33514.00","0.00",""
"28881.00","0.00",""
"29676.00","0.00",""
"11262.00","0.00",""
"36467.00","0.00",""
"21469.00","0.00",""
"31458.00","0.00",""
"28722.00","0.00",""
"23310.00","0.00",""
"41121.00","0.00",""
"8101.00","0.00",""
"38483.00","0.00",""
"8964.00","0.00",""
"29930.00","0.00",""
"26372.00","0.00",""
"41119.00","0.00",""
"22706.00","0.00",""
"31362.00","0.00",""
"8048.00","0.00",""
"32804.00","0.00",""
"30798.00","0.00",""
"19190.00","0.00",""
"32058.00","0.00",""
"34750.00","0.00",""
"23174.00","0.00",""
"36413.00","0.00",""
"37203.00","0.00",""
"24401.00","0.00",""
"26306.00","0.00",""
"44984.00","0.00",""
"9719.00","0.00",""
"11450.00","0.00",""
"38790.00","0.00",""
"43054.00","0.00",""
"5588.00","0.00",""
"43843.00","0.00",""
"29978.00","0.00",""
"13233.00","0.00",""
"28728.00","0.00",""
"33964.00","0.00",""
"9268.00","0.00",""
"32782.00","0.00",""
"35908.00","0.00",""
"26475.00","0.00",""
"16145.00","0.00",""
"15967.00","0.00",""
"11502.00","0.00",""
"26573.00","0.00",""
"16202.00","0.00",""
"40513.00","0.00",""
"27832.00","0.00",""
"41945.00","0.00",""
"42052.00","0.00",""
"32603.00","0.00",""
"26145.00","0.00",""
"14387.00","0.00",""
"36348.00","0.00",""
"36810.00","0.00",""
"14768.00","0.00",""
"14927.00","0.00",""
"11750.00","0.00",""
"18164.00","0.00",""
"12185.00","0.00",""
"32136.00","0.00",""
"44335.00","0.00",""
"29786.00","0.00",""
"19795.00","0.00",""
"7502.00","0.00",""
"36396.00","0.00",""
"24825.00","0.00",""
"28948.00","0.00",""
"23690.00","0.00",""
"43089.00","0.00",""
"24255.00","0.00",""
"18830.00","0.00",""
"9593.00","0.00",""
"12488.00","0.00",""
"20445.00","0.00",""
"11604.00","0.00",""
"22754.00","0.00",""
"7439.00","0.00",""
"5212.00","0.00",""
"18882.00","0.00",""
"15092.00","0.00",""
"33997.00","0.00",""
"37590.00","0.00",""
"37563.00","0.00",""
"24982.00","0.00",""
"28996.00","0.00",""
"37558.00","0.00",""
"19923.00","0.00",""
"6639.00","0.00",""
"12864.00","0.00",""
"25919.00","0.00",""
"14899.00","0.00",""
"23823.00","0.00",""
"41069.00","0.00",""
"6368.00","0.00",""
"10128.00","0.00",""
"44232.00","0.00",""
"32509.00","0.00",""
"22214.00","0.00",""
"21605.00","0.00",""
"27400.00","0.00",""
"24345.00","0.00",""
"18523.00","0.00",""
"8624.00","0.00",""
"5416.00","0.00",""
"39566.00","0.00",""
"22814.00","0.00",""
"24673.00","0.00",""
"11103.00","0.00",""
"7154.00","0.00",""
"38600.00","0.00",""
"38686.00","0.00",""
"16223.00","0.00",""
"26295.00","0.00",""
"9024.00","0.00",""
"17695.00","0.00",""
"6801.00","0.00",""
"14103.00","0.00",""
"18685.00","0.00",""
"26445.00","0.00",""
"36471.00","0.00",""
"21439.00","0.00",""
"5561.00","0.00",""
"35661.00","0.00",""
"16175.00","0.00",""
"7934.00","0.00",""
"13576.00","0.00",""
"32573.00","0.00",""
"34233.00","0.00",""
"25803.00","0.00",""
"11952.00","0.00",""
"38386.00","0.00",""
"25780.00","0.00",""
"29865.00","0.00",""
"10823.00","0.00",""
"21719.00","0.00",""
"42399.00","0.00",""
"9491.00","0.00",""
"36797.00","0.00",""
"25124.00","0.00",""
"15056.00","0.00",""
"41257.00","0.00",""
"22450.00","0.00",""
"8683.00","0.00",""
"14400.00","0.00",""
"42291.00","0.00",""
"34823.00","0.00",""
"35089.00","0.00",""
"27644.00","0.00",""
"43909.00","0.00",""
"37073.00","0.00",""
"18821.00","0.00",""
"27889.00","0.00",""
"32159.00","0.00",""
"28015.00","0.00",""
"7225.00","0.00",""
"33209.00","0.00",""
"22443.00","0.00",""
"37691.00","0.00",""
"28240.00","0.00",""
"37940.00","0.00",""
"7642.00","0.00",""
"14080.00","0.00",""
"34411.00","0.00",""
"26809.00","0.00",""
"14777.00","0.00",""
"37453.00","0.00",""
"35768.00","0.00",""
"31523.00","0.00",""
"29277.00","0.00",""
"43811.00","0.00",""
"42296.00","0.00",""
"35180.00","0.00",""
"32721.00","0.00",""
"17824.00","0.00",""
"16748.00","0.00",""
"7931.00","0.00",""
"37536.00","0.00",""
"7295.00","0.00",""
"31187.00","0.00",""
"10040.00","0.00",""
"26890.00","0.00",""
"5626.00","0.00",""
"17850.00","0.00",""
"26605.00","0.00",""
"28067.00","0.00",""
"44138.00","0.00",""
"25692.00","0.00",""
"12354.00","0.00",""
"35306.00","0.00",""
"12486.00","0.00",""
"24325.00","0.00",""
"18681.00","0.00",""
"28122.00","0.00",""
"33120.00","0.00",""
"26927.00","0.00",""
"17438.00","0.00",""
"22566.00","0.00",""
"18017.00","0.00",""
"15961.00","0.00",""
"17828.00","0.00",""
"29887.00","0.00",""
"27998.00","0.00",""
"33209.00","0.00",""
"10510.00","0.00",""
"43194.00","0.00",""
"38678.00","0.00",""
"9263.00","0.00",""
"14126.00","0.00",""
"14955.00","0.00",""
"24394.00","0.00",""
"16158.00","0.00",""
"33518.00","0.00",""
"20743.00","0.00",""
"42469.00","0.00",""
"28590.00","0.00",""
"5481.00","0.00",""
"41691.00","0.00",""
"17332.00","0.00",""
"23946.00","0.00",""
"28211.00","0.00",""
"34259.00","0.00",""
"32999.00","0.00",""
"16625.00","0.00",""
"32563.00","0.00",""
"35398.00","0.00",""
"39203.00","0.00",""
"14941.00","0.00",""
"14108.00","0.00",""
"28137.00","0.00",""
"22171.00","0.00",""
"37831.00","0.00",""
"19654.00","0.00",""
"37782.00","0.00",""
"13497.00","0.00",""
"40512.00","0.00",""
"33494.00","0.00",""
"44822.00","0.00",""
"7112.00","0.00",""
"35290.00","0.00",""
"21287.00","0.00",""
"5605.00","0.00",""
"29160.00","0.00",""
"9073.00","0.00",""
"11676.00","0.00",""
"28426.00","0.00",""
"16897.00","0.00",""
"28793.00","0.00",""
"19764.00","0.00",""
"35875.00","0.00",""
"10290.00","0.00",""
"24612.00","0.00",""
"26316.00","0.00",""
"28526.00","0.00",""
"33958.00","0.00",""
"25296.00","0.00",""
"38268.00","0.00",""
"17465.00","0.00",""
"42201.00","0.00",""
"9093.00","0.00",""
"13276.00","0.00",""
"40225.00","0.00",""
"27323.00","0.00",""
"15489.00","0.00",""
"27777.00","0.00",""
"39642.00","0.00",""
"9708.00","0.00",""
"41889.00","0.00",""
"17260.00","0.00",""
"19029.00","0.00",""
"38024.00","0.00",""
"6898.00","0.00",""
"29899.00","0.00",""
"39710.00","0.00",""
"18617.00","0.00",""
"18721.00","0.00",""
"9121.00","0.00",""
"39065.00","0.00",""
"43550.00","0.00",""
"15573.00","0.00",""
"23437.00","0.00",""
"25829.00","0.00",""
"14149.00","0.00",""
"36775.00","0.00",""
"30063.00","0.00",""
"10436.00","0.00",""
"7283.00","0.00",""
"42499.00","0.00",""
"19265.00","0.00",""
"7782.00","0.00",""
"37839.00","0.00",""
"38548.00","0.00",""
"8832.00","0.00",""
"40925.00","0.00",""
"14359.00","0.00",""
"25444.00","0.00",""
"38316.00","0.00",""
"27294.00","0.00",""
"26252.00","0.00",""
"26668.00","0.00",""
"38317.00","0.00",""
"8602.00","0.00",""
"15859.00","0.00",""
"17173.00","0.00",""
"10525.00","0.00",""
"27169.00","0.00",""
"25197.00","0.00",""
"9432.00","0.00",""
"33599.00","0.00",""
"29436.00","0.00",""
"19008.00","0.00",""
"9177.00","0.00",""
"30770.00","0.00",""
"25433.00","0.00",""
"21368.00","0.00",""
"37734.00","0.00",""
"20181.00","0.00",""
"12400.00","0.00",""
"33061.00","0.00",""
"15087.00","0.00",""
"14851.00","0.00",""
"41104.00","0.00",""
"12394.00","0.00",""
"39022.00","0.00",""
"40763.00","0.00",""
"43111.00","0.00",""
"16500.00","0.00",""
"30233.00","0.00",""
"11747.00","0.00",""
"35677.00","0.00",""
"32669.00","0.00",""
"30507.00","0.00",""
"28242.00","0.00",""
"37907.00","0.00",""
"21158.00","0.00",""
"31909.00","0.00",""
"16701.00","0.00",""
"29225.00","0.00",""
"7903.00","0.00",""
"36513.00","0.00",""
"19810.00","0.00",""
"38062.00","0.00",""
"38911.00","0.00",""
"33276.00","0.00",""
"18981.00","0.00",""
"40011.00","0.00",""
"27137.00","0.00",""
"18029.00","0.00",""
"26230.00","0.00",""
"40909.00","0.00",""
"30421.00","0.00",""
"16981.00","0.00",""
"29923.00","0.00",""
"7492.00","0.00",""
"33238.00","0.00",""
"44239.00","0.00",""
"27616.00","0.00",""
"14335.00","0.00",""
"40655.00","0.00",""
"5785.00","0.00",""
"20497.00","0.00",""
"27311.00","0.00",""
"44560.00","0.00",""
"9581.00","0.00",""
"36833.00","0.00",""
"26726.00","0.00",""
"43547.00","0.00",""
"21641.00","0.00",""
"17289.00","0.00",""
"19503.00","0.00",""
"18444.00","0.00",""
"8996.00","0.00",""
"19446.00","0.00",""
"24128.00","0.00",""
"6613.00","0.00",""
"21108.00","0.00",""
"6449.00","0.00",""
"7410.00","0.00",""
"44899.00","0.00",""
"24388.00","0.00",""
"25590.00","0.00",""
"21566.00","0.00",""
"7685.00","0.00",""
"26612.00","0.00",""
"17036.00","0.00",""
"18270.00","0.00",""
"43373.00","0.00",""
"42451.00","0.00",""
"11214.00","0.00",""
"12767.00","0.00",""
"18568.00","0.00",""
"10001.00","0.00",""
"20825.00","0.00",""
"18533.00","0.00",""
"20929.00","0.00",""
"31647.00","0.00",""
"25180.00","0.00",""
"38469.00","0.00",""
"21284.00","0.00",""
"15346.00","0.00",""
"42848.00","0.00",""
"22897.00","0.00",""
"22815.00","0.00",""
"6483.00","0.00",""
"42294.00","0.00",""
"43555.00","0.00",""
"33595.00","0.00",""
"13116.00","0.00",""
"37237.00","0.00",""
"33517.00","0.00",""
"5671.00","0.00",""
"34553.00","0.00",""
"21351.00","0.00",""
"41444.00","0.00",""
"26607.00","0.00",""
"10917.00","0.00",""
"19056.00","0.00",""
"39393.00","0.00",""
"13954.00","0.00",""
"25406.00","0.00",""
"28754.00","0.00",""
"42228.00","0.00",""
"8036.00","0.00",""
"13615.00","0.00",""
"31062.00","0.00",""
"10660.00","0.00",""
"9065.00","0.00",""
"36659.00","0.00",""
"6266.00","0.00",""
"42484.00","0.00",""
"16259.00","0.00",""
"35713.00","0.00",""
"22470.00","0.00",""
"14184.00","0.00",""
"20565.00","0.00",""
"14634.00","0.00",""
"30124.00","0.00",""
"26160.00","0.00",""
"20843.00","0.00",""
"22495.00","0.00",""
"25899.00","0.00",""
"25568.00","0.00",""
"22178.00","0.00",""
"28619.00","0.00",""
"43334.00","0.00",""
"34945.00","0.00",""
"6663.00","0.00",""
"11712.00","0.00",""
"26778.00","0.00",""
"9339.00","0.00",""
"33128.00","0.00",""
"16464.00","0.00",""
"12402.00","0.00",""
"31041.00","0.00",""
"29582.00","0.00",""
"10376.00","0.00",""
"16887.00","0.00",""
"8199.00","0.00",""
"12248.00","0.00",""
"23522.00","0.00",""
"13450.00","0.00",""
"24146.00","0.00",""
"35917.00","0.00",""
"40438.00","0.00",""
"13898.00","0.00",""
"43540.00","0.00",""
"42834.00","0.00",""
"40272.00","0.00",""
"40667.00","0.00",""
"15507.00","0.00",""
"8775.00","0.00",""
"24514.00","0.00",""
"28350.00","0.00",""
"16251.00","0.00",""
"9478.00","0.00",""
"32855.00","0.00",""
"33420.00","0.00",""
"18731.00","0.00",""
"19384.00","0.00",""
"10353.00","0.00",""
"29946.00","0.00",""
"15173.00","0.00",""
"26911.00","0.00",""
"14067.00","0.00",""
"31561.00","0.00",""
"33339.00","0.00",""
"39500.00","0.00",""
"20410.00","0.00",""
"12020.00","0.00",""
"42402.00","0.00",""
"27288.00","0.00",""
"37934.00","0.00",""
"22869.00","0.00",""
"23917.00","0.00",""
"39154.00","0.00",""
"38334.00","0.00",""
"37878.00","0.00",""
"27466.00","0.00",""
"42710.00","0.00",""
"13931.00","0.00",""
"28232.00","0.00",""
"31153.00","0.00",""
"19894.00","0.00",""
"33550.00","0.00",""
"6159.00","0.00",""
"38118.00","0.00",""
"5338.00","0.00",""
"19506.00","0.00",""
"22440.00","0.00",""
"23134.00","0.00",""
"5330.00","0.00",""
"41363.00","0.00",""
"38761.00","0.00",""
"42727.00","0.00",""
"20168.00","0.00",""
"40581.00","0.00",""
"7773.00","0.00",""
"26458.00","0.00",""
"14943.00","0.00",""
"42272.00","0.00",""
"41831.00","0.00",""
"43423.00","0.00",""
"17162.00","0.00",""
"8496.00","0.00",""
"32587.00","0.00",""
"43576.00","0.00",""
"35822.00","0.00",""
"11808.00","0.00",""
"27355.00","0.00",""
"15660.00","0.00",""
"23333.00","0.00",""
"10014.00","0.00",""
"27167.00","0.00",""
"21827.00","0.00",""
"16400.00","0.00",""
"23259.00","0.00",""
"37699.00","0.00",""
"41883.00","0.00",""
"25220.00","0.00",""
"44299.00","0.00",""
"12474.00","0.00",""
"20961.00","0.00",""
"16271.00","0.00",""
"27786.00","0.00",""
"6570.00","0.00",""
"13510.00","0.00",""
"42184.00","0.00",""
"37114.00","0.00",""
"28085.00","0.00",""
"22829.00","0.00",""
"33052.00","0.00",""
"26657.00","0.00",""
"31209.00","0.00",""
"44516.00","0.00",""
"20476.00","0.00",""
"5161.00","0.00",""
"15419.00","0.00",""
"25125.00","0.00",""
"29262.00","0.00",""
"13856.00","0.00",""
"12541.00","0.00",""
"22983.00","0.00",""
"31916.00","0.00",""
"41494.00","0.00",""
"21423.00","0.00",""
"39845.00","0.00",""
"31130.00","0.00",""
"42226.00","0.00",""
"22278.00","0.00",""
"27929.00","0.00",""
"21786.00","0.00",""
"40246.00","0.00",""
"25939.00","0.00",""
"40851.00","0.00",""
"36422.00","0.00",""
"22343.00","0.00",""
"36141.00","0.00",""
"29213.00","0.00",""
"11591.00","0.00",""
"44961.00","0.00",""
"9855.00","0.00",""
"6489.00","0.00",""
"25430.00","0.00",""
"28645.00","0.00",""
"9337.00","0.00",""
"28738.00","0.00",""
"33059.00","0.00",""
"22368.00","0.00",""
"36975.00","0.00",""
"32079.00","0.00",""
"23875.00","0.00",""
"38636.00","0.00",""
"28827.00","0.00",""
"9625.00","0.00",""
"8343.00","0.00",""
"34354.00","0.00",""
"41848.00","0.00",""
"25954.00","0.00",""
"13456.00","0.00",""
"10562.00","0.00",""
"29012.00","0.00",""
"27320.00","0.00",""
"9421.00","0.00",""
"7171.00","0.00",""
"30246.00","0.00",""
"6838.00","0.00",""
"5278.00","0.00",""
"26624.00","0.00",""
"42658.00","0.00",""
"36772.00","0.00",""
"14452.00","0.00",""
"12688.00","0.00",""
"40095.00","0.00",""
"17441.00","0.00",""
"24345.00","0.00",""
"18081.00","0.00",""
"32934.00","0.00",""
"37549.00","0.00",""
"44990.00","0.00",""
"20230.00","0.00",""
"44985.00","0.00",""
"39207.00","0.00",""
"9200.00","0.00",""
"14788.00","0.00",""
"44914.00","0.00",""
"15261.00","0.00",""
"17741.00","0.00",""
"25509.00","0.00",""
"33688.00","0.00",""
"15316.00","0.00",""
"11623.00","0.00",""
"16581.00","0.00",""
"25377.00","0.00",""
"40491.00","0.00",""
"14292.00","0.00",""
"34332.00","0.00",""
"41131.00","0.00",""
"44365.00","0.00",""
"15316.00","0.00",""
"13830.00","0.00",""
"25780.00","0.00",""
"44126.00","0.00",""
"12434.00","0.00",""
"16761.00","0.00",""
"19536.00","0.00",""
"14078.00","0.00",""
"24665.00","0.00",""
"30928.00","0.00",""
"10589.00","0.00",""
"32472.00","0.00",""
"18535.00","0.00",""
"26437.00","0.00",""
"18579.00","0.00",""
"27880.00","0.00",""
"27215.00","0.00",""
"28222.00","0.00",""
"43768.00","0.00",""
"6218.00","0.00",""
"25933.00","0.00",""
"43965.00","0.00",""
"21773.00","0.00",""
"5790.00","0.00",""
"37034.00","0.00",""
"28430.00","0.00",""
"26017.00","0.00",""
"18948.00","0.00",""
"30416.00","0.00",""
"11704.00","0.00",""
"14826.00","0.00",""
"6066.00","0.00",""
"17782.00","0.00",""
"36285.00","0.00",""
"8269.00","0.00",""
"15096.00","0.00",""
"42365.00","0.00",""
"19164.00","0.00",""
"25659.00","0.00",""
"38155.00","0.00",""
"32159.00","0.00",""
"33025.00","0.00",""
"7545.00","0.00",""
"24029.00","0.00",""
"9647.00","0.00",""
"38552.00","0.00",""
"15169.00","0.00",""
"23948.00","0.00",""
"32297.00","0.00",""
"8401.00","0.00",""
"9197.00","0.00",""
"33240.00","0.00",""
"13051.00","0.00",""
"44891.00","0.00",""
"7511.00","0.00",""
"42397.00","0.00",""
"24680.00","0.00",""
"29335.00","0.00",""
"11064.00","0.00",""
"6912.00","0.00",""
"25619.00","0.00",""
"8011.00","0.00",""
"41207.00","0.00",""
"18074.00","0.00",""
"26652.00","0.00",""
"23199.00","0.00",""
"12170.00","0.00",""
"38244.00","0.00",""
"37219.00","0.00",""
"39287.00","0.00",""
"36602.00","0.00",""
"20118.00","0.00",""
"23203.00","0.00",""
"9471.00","0.00",""
"43880.00","0.00",""
"15808.00","0.00",""
"5137.00","0.00",""
"31748.00","0.00",""
"11562.00","0.00",""
"32052.00","0.00",""
"24020.00","0.00",""
"15428.00","0.00",""
"37385.00","0.00",""
"9456.00","0.00",""
"36325.00","0.00",""
"9959.00","0.00",""
"11891.00","0.00",""
"11430.00","0.00",""
"12642.00","0.00",""
"18630.00","0.00",""
"8697.00","0.00",""
"36543.00","0.00",""
"35515.00","0.00",""
"42969.00","0.00",""
"6277.00","0.00",""
"23288.00","0.00",""
"20853.00","0.00",""
"31691.00","0.00",""
"39500.00","0.00",""
"41164.00","0.00",""
"31434.00","0.00",""
"6202.00","0.00",""
"42952.00","0.00",""
"23975.00","0.00",""
"17084.00","0.00",""
"33193.00","0.00",""
"36088.00","0.00",""
"9173.00","0.00",""
"18250.00","0.00",""
"11938.00","0.00",""
"18897.00","0.00",""
"43972.00","0.00",""
"25058.00","0.00",""
"29510.00","0.00",""
"25429.00","0.00",""
"15369.00","0.00",""
"29075.00","0.00",""
"12641.00","0.00",""
"34025.00","0.00",""
"11345.00","0.00",""
"39499.00","0.00",""
"35374.00","0.00",""
"42920.00","0.00",""
"12043.00","0.00",""
"9617.00","0.00",""
"9265.00","0.00",""
"7459.00","0.00",""
"7539.00","0.00",""
"38925.00","0.00",""
"37857.00","0.00",""
"39989.00","0.00",""
"44484.00","0.00",""
"33950.00","0.00",""
"30810.00","0.00",""
"34918.00","0.00",""
"38419.00","0.00",""
"28512.00","0.00",""
"12946.00","0.00",""
"19218.00","0.00",""
"39061.00","0.00",""
"40828.00","0.00",""
"20452.00","0.00",""
"33913.00","0.00",""
"18132.00","0.00",""
"35286.00","0.00",""
"14509.00","0.00",""
"6199.00","0.00",""
"12541.00","0.00",""
"43857.00","0.00",""
"44173.00","0.00",""
"35946.00","0.00",""
"11876.00","0.00",""
"27902.00","0.00",""
"41475.00","0.00",""
"14817.00","0.00",""
"12742.00","0.00",""
"36014.00","0.00",""
"14834.00","0.00",""
"32092.00","0.00",""
"25781.00","0.00",""
"18850.00","0.00",""
"17680.00","0.00",""
"33666.00","0.00",""
"35227.00","0.00",""
"29766.00","0.00",""
"42813.00","0.00",""
"28742.00","0.00",""
"27098.00","0.00",""
"18075.00","0.00",""
"15728.00","0.00",""
"17117.00","0.00",""
"33804.00","0.00",""
"12955.00","0.00",""
"31051.00","0.00",""
"25673.00","0.00",""
"8496.00","0.00",""
"16956.00","0.00",""
"43439.00","0.00",""
"10485.00","0.00",""
"44185.00","0.00",""
"42647.00","0.00",""
"40183.00","0.00",""
"23482.00","0.00",""
"32645.00","0.00",""
"34618.00","0.00",""
"16390.00","0.00",""
"25467.00","0.00",""
"9078.00","0.00",""
"39319.00","0.00",""
"39171.00","0.00",""
"23658.00","0.00",""
"29521.00","0.00",""
"42514.00","0.00",""
"37723.00","0.00",""
"24772.00","0.00",""
"25272.00","0.00",""
"28825.00","0.00",""
"8055.00","0.00",""
"36780.00","0.00",""
"43218.00","0.00",""
"30926.00","0.00",""
"33629.00","0.00",""
"33265.00","0.00",""
"9026.00","0.00",""
"41991.00","0.00",""
"17571.00","0.00",""
"30460.00","0.00",""
"43138.00","0.00",""
"29669.00","0.00",""
"30743.00","0.00",""
"18123.00","0.00",""
"21957.00","0.00",""
"15620.00","0.00",""
"44656.00","0.00",""
"24943.00","0.00",""
"18060.00","0.00",""
"20858.00","0.00",""
"5259.00","0.00",""
"35680.00","0.00",""
"6877.00","0.00",""
"27905.00","0.00",""
"36193.00","0.00",""
"8944.00","0.00",""
"38844.00","0.00",""
"30036.00","0.00",""
"10033.00","0.00",""
"28985.00","0.00",""
"29793.00","0.00",""
"21940.00","0.00",""
"42074.00","0.00",""
"36207.00","0.00",""
"10100.00","0.00",""
"18889.00","0.00",""
"9420.00","0.00",""
"15963.00","0.00",""
"36887.00","0.00",""
"21338.00","0.00",""
"44559.00","0.00",""
"36812.00","0.00",""
"6337.00","0.00",""
"40526.00","0.00",""
"23653.00","0.00",""
"15277.00","0.00",""
"12717.00","0.00",""
"11269.00","0.00",""
"14466.00","0.00",""
"33575.00","0.00",""
"23903.00","0.00",""
"32099.00","0.00",""
"21617.00","0.00",""
"44473.00","0.00",""
"29180.00","0.00",""
"37664.00","0.00",""
"37632.00","0.00",""
"7007.00","0.00",""
"24451.00","0.00",""
"21741.00","0.00",""
"36089.00","0.00",""
"39722.00","0.00",""
"40128.00","0.00",""
"8073.00","0.00",""
"24486.00","0.00",""
"13083.00","0.00",""
"6683.00","0.00",""
"18513.00","0.00",""
"13461.00","0.00",""
"43399.00","0.00",""
"34617.00","0.00",""
"8623.00","0.00",""
"32166.00","0.00",""
"37337.00","0.00",""
"31465.00","0.00",""
"23236.00","0.00",""
"25460.00","0.00",""
"9553.00","0.00",""
"10235.00","0.00",""
"12960.00","0.00",""
"6756.00","0.00",""
"7152.00","0.00",""
"9138.00","0.00",""
"42287.00","0.00",""
"15221.00","0.00",""
"22642.00","0.00",""
"7342.00","0.00",""
"11401.00","0.00",""
"17729.00","0.00",""
"17261.00","0.00",""
"42703.00","0.00",""
"8461.00","0.00",""
"6096.00","0.00",""
"24338.00","0.00",""
"19577.00","0.00",""
"34903.00","0.00",""
"43346.00","0.00",""
"39797.00","0.00",""
"30545.00","0.00",""
"10017.00","0.00",""
"12305.00","0.00",""
"30700.00","0.00",""
"33780.00","0.00",""
"5656.00","0.00",""
"19240.00","0.00",""
"25154.00","0.00",""
"25822.00","0.00",""
"6460.00","0.00",""
"40435.00","0.00",""
"28711.00","0.00",""
"9127.00","0.00",""
"10029.00","0.00",""
"12050.00","0.00",""
"8022.00","0.00",""
"11933.00","0.00",""
"34393.00","0.00",""
"15270.00","0.00",""
"21110.00","0.00",""
"7265.00","0.00",""
"10471.00","0.00",""
"5901.00","0.00",""
"24968.00","0.00",""
"15551.00","0.00",""
"39576.00","0.00",""
"8370.00","0.00",""
"8927.00","0.00",""
"22547.00","0.00",""
"26101.00","0.00",""
"20595.00","0.00",""
"10974.00","0.00",""
"13102.00","0.00",""
"24184.00","0.00",""
"26619.00","0.00",""
"19010.00","0.00",""
"36174.00","0.00",""
"27185.00","0.00",""
"27127.00","0.00",""
"36967.00","0.00",""
"13699.00","0.00",""
"37062.00","0.00",""
"20148.00","0.00",""
"41105.00","0.00",""
"23596.00","0.00",""
"35100.00","0.00",""
"24880.00","0.00",""
"13409.00","0.00",""
"5995.00","0.00",""
"9271.00","0.00",""
"5414.00","0.00",""
"30561.00","0.00",""
"29309.00","0.00",""
"44341.00","0.00",""
"38901.00","0.00",""
"34587.00","0.00",""
"14985.00","0.00",""
"29588.00","0.00",""
"38782.00","0.00",""
"21227.00","0.00",""
"32602.00","0.00",""
"12618.00","0.00",""
"18602.00","0.00",""
"30729.00","0.00",""
"11796.00","0.00",""
"37393.00","0.00",""
"5744.00","0.00",""
"42815.00","0.00",""
"20289.00","0.00",""
"7889.00","0.00",""
"31380.00","0.00",""
"39690.00","0.00",""
"37928.00","0.00",""
"22425.00","0.00",""
"14080.00","0.00",""
"34521.00","0.00",""
"17837.00","0.00",""
"23545.00","0.00",""
"24340.00","0.00",""
"34190.00","0.00",""
"40554.00","0.00",""
"31963.00","0.00",""
"19359.00","0.00",""
"8221.00","0.00",""
"6945.00","0.00",""
"21520.00","0.00",""
"20943.00","0.00",""
"41108.00","0.00",""
"33451.00","0.00",""
"10438.00","0.00",""
"20931.00","0.00",""
"38923.00","0.00",""
"17183.00","0.00",""
"19055.00","0.00",""
"28138.00","0.00",""
"22006.00","0.00",""
"9530.00","0.00",""
"44158.00","0.00",""
"19557.00","0.00",""
"28494.00","0.00",""
"21864.00","0.00",""
"31610.00","0.00",""
"37284.00","0.00",""
"29080.00","0.00",""
"13493.00","0.00",""
"28458.00","0.00",""
"38713.00","0.00",""
"29473.00","0.00",""
"10019.00","0.00",""
"20616.00","0.00",""
"38873.00","0.00",""
"27473.00","0.00",""
"30408.00","0.00",""
"44202.00","0.00",""
"24908.00","0.00",""
"14692.00","0.00",""
"11210.00","0.00",""
"42478.00","0.00",""
"15211.00","0.00",""
"19573.00","0.00",""
"13133.00","0.00",""
"6909.00","0.00",""
"7428.00","0.00",""
"26028.00","0.00",""
"31031.00","0.00",""
"19279.00","0.00",""
"8386.00","0.00",""
"40685.00","0.00",""
"16203.00","0.00",""
"39007.00","0.00",""
"42081.00","0.00",""
"36329.00","0.00",""
"13375.00","0.00",""
"20167.00","0.00",""
"38994.00","0.00",""
"19209.00","0.00",""
"5054.00","0.00",""
"25702.00","0.00",""
"27158.00","0.00",""
"9201.00","0.00",""
"30487.00","0.00",""
"32578.00","0.00",""
"11810.00","0.00",""
"41690.00","0.00",""
"11627.00","0.00",""
"29779.00","0.00",""
"21549.00","0.00",""
"16213.00","0.00",""
"40774.00","0.00",""
"23376.00","0.00",""
"19472.00","0.00",""
"31029.00","0.00",""
"9215.00","0.00",""
"13680.00","0.00",""
"20759.00","0.00",""
"7780.00","0.00",""
"27086.00","0.00",""
"6586.00","0.00",""
"16716.00","0.00",""
"35854.00","0.00",""
"27776.00","0.00",""
"6918.00","0.00",""
"26465.00","0.00",""
"15771.00","0.00",""
"31240.00","0.00",""
"17874.00","0.00",""
"14193.00","0.00",""
"7262.00","0.00",""
"38251.00","0.00",""
"19663.00","0.00",""
"18881.00","0.00",""
"41103.00","0.00",""
"36406.00","0.00",""
"31356.00","0.00",""
"13314.00","0.00",""
"23366.00","0.00",""
"31692.00","0.00",""
"13117.00","0.00",""
"35076.00","0.00",""
"16543.00","0.00",""
"19591.00","0.00",""
"25618.00","0.00",""
"17243.00","0.00",""
"11967.00","0.00",""
"32613.00","0.00",""
"25937.00","0.00",""
"29125.00","0.00",""
"17575.00","0.00",""
"31616.00","0.00",""
"6351.00","0.00",""
"25897.00","0.00",""
"17811.00","0.00",""
"41480.00","0.00",""
"24274.00","0.00",""
"32218.00","0.00",""
"19921.00","0.00",""
"37582.00","0.00",""
"16911.00","0.00",""
"11792.00","0.00",""
"29642.00","0.00",""
"16090.00","0.00",""
"18375.00","0.00",""
"6639.00","0.00",""
"9425.00","0.00",""
"13473.00","0.00",""
"25231.00","0.00",""
"16068.00","0.00",""
"5488.00","0.00",""
"44454.00","0.00",""
"11748.00","0.00",""
"12007.00","0.00",""
"22759.00","0.00",""
"12870.00","0.00",""
"9963.00","0.00",""
"8768.00","0.00",""
"10827.00","0.00",""
"44346.00","0.00",""
"9539.00","0.00",""
"6783.00","0.00",""
"30504.00","0.00",""
"25249.00","0.00",""
"29648.00","0.00",""
"29075.00","0.00",""
"37916.00","0.00",""
"34919.00","0.00",""
"31611.00","0.00",""
"15717.00","0.00",""
"37302.00","0.00",""
"26631.00","0.00",""
"26476.00","0.00",""
"33862.00","0.00",""
"41170.00","0.00",""
"36545.00","0.00",""
"6802.00","0.00",""
"20532.00","0.00",""
"40011.00","0.00",""
"42202.00","0.00",""
"19784.00","0.00",""
"18773.00","0.00",""
"39639.00","0.00",""
"5009.00","0.00",""
"28002.00","0.00",""
"36696.00","0.00",""
"35382.00","0.00",""
"32532.00","0.00",""
"24368.00","0.00",""
"29122.00","0.00",""
"27010.00","0.00",""
"13185.00","0.00",""
"12424.00","0.00",""
"23323.00","0.00",""
"32390.00","0.00",""
"9528.00","0.00",""
"30631.00","0.00",""
"26451.00","0.00",""
"34760.00","0.00",""
"32736.00","0.00",""
"43857.00","0.00",""
"35076.00","0.00",""
"35953.00","0.00",""
"43857.00","0.00",""
"11436.00","0.00",""
"18265.00","0.00",""
"29304.00","0.00",""
"15536.00","0.00",""
"28710.00","0.00",""
"35734.00","0.00",""
"12220.00","0.00",""
"19413.00","0.00",""
"13577.00","0.00",""
"21991.00","0.00",""
"42594.00","0.00",""
"36333.00","0.00",""
"40271.00","0.00",""
"12597.00","0.00",""
"38029.00","0.00",""
"41415.00","0.00",""
"5694.00","0.00",""
"38473.00","0.00",""
"10330.00","0.00",""
"22446.00","0.00",""
"34145.00","0.00",""
"19764.00","0.00",""
"26312.00","0.00",""
"25721.00","0.00",""
"28390.00","0.00",""
"21360.00","0.00",""
"11961.00","0.00",""
"5985.00","0.00",""
"21710.00","0.00",""
"6668.00","0.00",""
"19941.00","0.00",""
"25093.00","0.00",""
"16338.00","0.00",""
"7607.00","0.00",""
"13137.00","0.00",""
"26183.00","0.00",""
"10714.00","0.00",""
"17093.00","0.00",""
"13849.00","0.00",""
"39979.00","0.00",""
"28968.00","0.00",""
"32450.00","0.00",""
"42527.00","0.00",""
"32006.00","0.00",""
"19450.00","0.00",""
"35262.00","0.00",""
"14752.00","0.00",""
"28488.00","0.00",""
"41765.00","0.00",""
"43715.00","0.00",""
"26473.00","0.00",""
"43205.00","0.00",""
"25935.00","0.00",""
"24797.00","0.00",""
"38925.00","0.00",""
"30788.00","0.00",""
"8436.00","0.00",""
"13259.00","0.00",""
"23991.00","0.00",""
"20104.00","0.00",""
"7371.00","0.00",""
"35716.00","0.00",""
"23904.00","0.00",""
"44209.00","0.00",""
"22985.00","0.00",""
"23250.00","0.00",""
"28379.00","0.00",""
"36568.00","0.00",""
"27669.00","0.00",""
"25441.00","0.00",""
"28379.00","0.00",""
"32389.00","0.00",""
"9340.00","0.00",""
"21526.00","0.00",""
"7063.00","0.00",""
"11640.00","0.00",""
"33071.00","0.00",""
"21992.00","0.00",""
"41342.00","0.00",""
"33936.00","0.00",""
"36999.00","0.00",""
"25190.00","0.00",""
"44750.00","0.00",""
"35770.00","0.00",""
"27793.00","0.00",""
"38032.00","0.00",""
"16679.00","0.00",""
"12787.00","0.00",""
"36093.00","0.00",""
"12764.00","0.00",""
"43869.00","0.00",""
"9736.00","0.00",""
"32967.00","0.00",""
"31623.00","0.00",""
"28541.00","0.00",""
"21865.00","0.00",""
"34562.00","0.00",""
"39172.00","0.00",""
"13692.00","0.00",""
"44457.00","0.00",""
"39460.00","0.00",""
"5512.00","0.00",""
"11469.00","0.00",""
"10209.00","0.00",""
"31034.00","0.00",""
"34664.00","0.00",""
"24889.00","0.00",""
"20098.00","0.00",""
"17098.00","0.00",""
"10786.00","0.00",""
"17353.00","0.00",""
"35784.00","0.00",""
"27470.00","0.00",""
"38749.00","0.00",""
"21406.00","0.00",""
"42979.00","0.00",""
"42537.00","0.00",""
"44464.00","0.00",""
"20553.00","0.00",""
"36681.00","0.00",""
"6725.00","0.00",""
"25804.00","0.00",""
"16053.00","0.00",""
"43485.00","0.00",""
"21742.00","0.00",""
"14163.00","0.00",""
"28154.00","0.00",""
"8292.00","0.00",""
"8120.00","0.00",""
"31830.00","0.00",""
"8266.00","0.00",""
"9860.00","0.00",""
"9595.00","0.00",""
"6163.00","0.00",""
"30795.00","0.00",""
"42484.00","0.00",""
"36676.00","0.00",""
"21710.00","0.00",""
"35468.00","0.00",""
"44503.00","0.00",""
"39939.00","0.00",""
"15075.00","0.00",""
"31188.00","0.00",""
"36178.00","0.00",""
"23672.00","0.00",""
"20583.00","0.00",""
"17262.00","0.00",""
"12765.00","0.00",""
"44374.00","0.00",""
"33590.00","0.00",""
"24453.00","0.00",""
"14901.00","0.00",""
"35434.00","0.00",""
"19051.00","0.00",""
"36183.00","0.00",""
"30993.00","0.00",""
"44203.00","0.00",""
"14485.00","0.00",""
"25402.00","0.00",""
"34994.00","0.00",""
"31496.00","0.00",""
"16257.00","0.00",""
"27411.00","0.00",""
"5646.00","0.00",""
"7842.00","0.00",""
"23677.00","0.00",""
"43684.00","0.00",""
"17554.00","0.00",""
"9675.00","0.00",""
"42960.00","0.00",""
"24825.00","0.00",""
"32578.00","0.00",""
"39186.00","0.00",""
"7033.00","0.00",""
"7556.00","0.00",""
"20418.00","0.00",""
"15176.00","0.00",""
"14842.00","0.00",""
"6411.00","0.00",""
"43145.00","0.00",""
"13757.00","0.00",""
"6169.00","0.00",""
"27735.00","0.00",""
"35820.00","0.00",""
"42400.00","0.00",""
"13774.00","0.00",""
"22133.00","0.00",""
"16800.00","0.00",""
"40869.00","0.00",""
"9203.00","0.00",""
"10032.00","0.00",""
"14011.00","0.00",""
"34708.00","0.00",""
"30186.00","0.00",""
"37806.00","0.00",""
"17732.00","0.00",""
"39099.00","0.00",""
"8055.00","0.00",""
"13997.00","0.00",""
"27338.00","0.00",""
"23198.00","0.00",""
"33700.00","0.00",""
"6913.00","0.00",""
"36382.00","0.00",""
"37792.00","0.00",""
"11332.00","0.00",""
"43465.00","0.00",""
"19289.00","0.00",""
"22862.00","0.00",""
"12363.00","0.00",""
"20207.00","0.00",""
"18567.00","0.00",""
"24916.00","0.00",""
"39333.00","0.00",""
"5915.00","0.00",""
"42964.00","0.00",""
"13055.00","0.00",""
"17147.00","0.00",""
"6268.00","0.00",""
"41621.00","0.00",""
"19274.00","0.00",""
"22730.00","0.00",""
"15824.00","0.00",""
"9459.00","0.00",""
"10132.00","0.00",""
"19194.00","0.00",""
"16334.00","0.00",""
"11986.00","0.00",""
"22460.00","0.00",""
"6369.00","0.00",""
"16004.00","0.00",""
"38645.00","0.00",""
"14370.00","0.00",""
"6655.00","0.00",""
"25667.00","0.00",""
"39306.00","0.00",""
"43512.00","0.00",""
"44327.00","0.00",""
"34458.00","0.00",""
"10819.00","0.00",""
"25870.00","0.00",""
"39668.00","0.00",""
"23069.00","0.00",""
"23911.00","0.00",""
"12782.00","0.00",""
"16665.00","0.00",""
"36606.00","0.00",""
"25602.00","0.00",""
"17088.00","0.00",""
"38660.00","0.00",""
"13244.00","0.00",""
"25162.00","0.00",""
"44653.00","0.00",""
"6045.00","0.00",""
"23215.00","0.00",""
"42157.00","0.00",""
"7692.00","0.00",""
"18931.00","0.00",""
"14311.00","0.00",""
"36898.00","0.00",""
"33674.00","0.00",""
"41675.00","0.00",""
"22644.00","0.00",""
"35258.00","0.00",""
"25563.00","0.00",""
"21763.00","0.00",""
"14989.00","0.00",""
"13167.00","0.00",""
"23208.00","0.00",""
"33021.00","0.00",""
"41516.00","0.00",""
"14770.00","0.00",""
"37964.00","0.00",""
"28282.00","0.00",""
"43077.00","0.00",""
"13210.00","0.00",""
"37825.00","0.00",""
"32477.00","0.00",""
"43409.00","0.00",""
"37302.00","0.00",""
"23642.00","0.00",""
"14538.00","0.00",""
"34957.00","0.00",""
"27632.00","0.00",""
"23749.00","0.00",""
"9660.00","0.00",""
"25742.00","0.00",""
"26515.00","0.00",""
"19362.00","0.00",""
"40692.00","0.00",""
"22259.00","0.00",""
"5111.00","0.00",""
"43687.00","0.00",""
"41708.00","0.00",""
"5329.00","0.00",""
"42074.00","0.00",""
"7262.00","0.00",""
"36740.00","0.00",""
"40233.00","0.00",""
"25755.00","0.00",""
"10729.00","0.00",""
"13597.00","0.00",""
"41680.00","0.00",""
"35693.00","0.00",""
"24007.00","0.00",""
"37324.00","0.00",""
"12817.00","0.00",""
"39866.00","0.00",""
"27473.00","0.00",""
"43180.00","0.00",""
"21972.00","0.00",""
"37322.00","0.00",""
"34461.00","0.00",""
"9691.00","0.00",""
"33966.00","0.00",""
"33810.00","0.00",""
"29442.00","0.00",""
"5057.00","0.00",""
"37061.00","0.00",""
"13328.00","0.00",""
"31953.00","0.00",""
"19637.00","0.00",""
"43921.00","0.00",""
"19844.00","0.00",""
"26040.00","0.00",""
"13899.00","0.00",""
"15227.00","0.00",""
"14366.00","0.00",""
"21647.00","0.00",""
"43988.00","0.00",""
"9751.00","0.00",""
"34577.00","0.00",""
"37136.00","0.00",""
"19598.00","0.00",""
"12939.00","0.00",""
"10737.00","0.00",""
"28916.00","0.00",""
"15155.00","0.00",""
"27825.00","0.00",""
"18164.00","0.00",""
"9069.00","0.00",""
"24113.00","0.00",""
"9477.00","0.00",""
"26341.00","0.00",""
"40249.00","0.00",""
"27926.00","0.00",""
"10922.00","0.00",""
"18475.00","0.00",""
"14254.00","0.00",""
"21637.00","0.00",""
"6511.00","0.00",""
"26636.00","0.00",""
"40118.00","0.00",""
"30224.00","0.00",""
"33356.00","0.00",""
"29992.00","0.00",""
"22249.00","0.00",""
"43114.00","0.00",""
"35020.00","0.00",""
"33640.00","0.00",""
"15122.00","0.00",""
"13342.00","0.00",""
"42230.00","0.00",""
"11632.00","0.00",""
"23041.00","0.00",""
"40963.00","0.00",""
"34486.00","0.00",""
"42264.00","0.00",""
"42817.00","0.00",""
"37319.00","0.00",""
"24444.00","0.00",""
"18211.00","0.00",""
"25336.00","0.00",""
"16488.00","0.00",""
"8226.00","0.00",""
"18797.00","0.00",""
"8254.00","0.00",""
"41778.00","0.00",""
"20425.00","0.00",""
"29540.00","0.00",""
"37067.00","0.00",""
"12965.00","0.00",""
"33366.00","0.00",""
"37010.00","0.00",""
"14183.00","0.00",""
"39268.00","0.00",""
"41426.00","0.00",""
"20311.00","0.00",""
"30186.00","0.00",""
"31663.00","0.00",""
"44940.00","0.00",""
"27512.00","0.00",""
"14776.00","0.00",""
"16958.00","0.00",""
"34747.00","0.00",""
"15044.00","0.00",""
"14295.00","0.00",""
"8890.00","0.00",""
"33383.00","0.00",""
"40505.00","0.00",""
"22510.00","0.00",""
"24562.00","0.00",""
"23579.00","0.00",""
"23987.00","0.00",""
"20065.00","0.00",""
"35047.00","0.00",""
"20847.00","0.00",""
"37554.00","0.00",""
"20138.00","0.00",""
"16424.00","0.00",""
"26576.00","0.00",""
"28094.00","0.00",""
"28726.00","0.00",""
"22488.00","0.00",""
"39523.00","0.00",""
"41248.00","0.00",""
"18170.00","0.00",""
"31834.00","0.00",""
"39721.00","0.00",""
"19683.00","0.00",""
"18295.00","0.00",""
"19388.00","0.00",""
"32333.00","0.00",""
"14701.00","0.00",""
"7937.00","0.00",""
"33977.00","0.00",""
"15443.00","0.00",""
"19368.00","0.00",""
"9290.00","0.00",""
"14176.00","0.00",""
"19286.00","0.00",""
"5532.00","0.00",""
"29954.00","0.00",""
"21747.00","0.00",""
"13689.00","0.00",""
"33353.00","0.00",""
"41949.00","0.00",""
"34705.00","0.00",""
"27109.00","0.00",""
"35593.00","0.00",""
"43971.00","0.00",""
"22215.00","0.00",""
"7183.00","0.00",""
"17363.00","0.00",""
"23207.00","0.00",""
"36367.00","0.00",""
"11853.00","0.00",""
"28983.00","0.00",""
"17317.00","0.00",""
"21711.00","0.00",""
"15517.00","0.00",""
"40466.00","0.00",""
"27116.00","0.00",""
"16527.00","0.00",""
"14302.00","0.00",""
"19610.00","0.00",""
"19161.00","0.00",""
"32015.00","0.00",""
"5003.00","0.00",""
"26904.00","0.00",""
"14724.00","0.00",""
"8256.00","0.00",""
"32373.00","0.00",""
"14148.00","0.00",""
"42622.00","0.00",""
"18401.00","0.00",""
"19054.00","0.00",""
"35818.00","0.00",""
"11394.00","0.00",""
"27919.00","0.00",""
"40856.00","0.00",""
"20708.00","0.00",""
"15000000.00","0.00","-15000000"
"15000000.00","0.00","0"
"15000000.00","0.00","0"
"15000000.00","0.00","0"
"15000000.00","0.00","0"
"15000000.00","0.00","0"
"15000000.00","0.00","0"
"15000000.00","0.00","0"
"15000000.00","0.00","0"
"15000000.00","0.00","0"
"15000000.00","0.00","0"
"15000000.00","0.00","0"